Fecha;Precio pollo a pie;Peso promedio pollo (kg/unid.);Precio pollo en granja;Precio pollo en cd (Acopio);Precio pollo en minoristas;Precio gallina negra;Precio gallina colorada;Precio gallina reproductora;Precio huevo rosado
2022-06-01 00:00:00;6.57;2.64;6.05;6.57;9.57;14.5;9.05;7.27;7.43
2022-06-02 00:00:00;6.57;2.68;6.05;6.57;9.57;14.5;10.9;7.27;7.7
2022-06-03 00:00:00;6.97;2.65;6.44;6.97;10.07;14.5;11.15;7.4;7.89
2022-06-04 00:00:00;6.97;2.65;6.44;6.97;10.07;14.5;11.15;7.4;7.89
2022-06-05 00:00:00;6.97;2.65;6.44;6.97;10.07;14.5;11.15;7.4;7.89
2022-06-06 00:00:00;6.97;2.66;6.48;6.97;10.11;14.5;10.37;7.4;8.24
2022-06-07 00:00:00;6.97;2.69;6.5;6.97;10.09;14.5;10.37;7.4;8.33
2022-06-08 00:00:00;6.97;2.7;6.49;6.97;10.1;14.5;11.03;7.27;8.28
2022-06-09 00:00:00;6.97;2.71;6.43;6.97;10.09;14.5;12.4;7.4;8.23
2022-06-10 00:00:00;6.87;2.67;6.43;6.87;10.1;14.5;12.4;7.27;8.23
2022-06-11 00:00:00;6.87;2.67;6.43;6.87;10.1;14.5;12.4;7.27;8.23
2022-06-12 00:00:00;6.87;2.67;6.43;6.87;10.1;14.5;12.4;7.27;8.23
2022-06-13 00:00:00;6.95;2.69;6.46;6.95;10.1;14.5;12.4;7.33;8.27
2022-06-14 00:00:00;6.27;2.69;5.84;6.27;10.1;14.5;11.53;7.15;8
2022-06-15 00:00:00;6.27;2.67;5.83;6.27;9.58;14.5;11.53;7.15;7.96
2022-06-16 00:00:00;5.87;2.68;5.43;5.87;9.84;14.5;11.53;7.15;7.8
2022-06-17 00:00:00;6.17;2.67;5.63;6.17;9.42;14.5;11.53;7.27;7.75
2022-06-18 00:00:00;6.17;2.67;5.63;6.17;9.42;14.5;11.53;7.27;7.75
2022-06-19 00:00:00;6.17;2.67;5.63;6.17;9.42;14.5;11.53;7.27;7.75
2022-06-20 00:00:00;6.57;2.68;6.07;6.57;9.67;14.5;11.65;7.6;7.65
2022-06-21 00:00:00;6.57;2.68;6.07;6.57;9.56;14.5;11.65;7.65;7.43
2022-06-22 00:00:00;6.57;2.7;6.08;6.57;9.71;14.5;11.65;7.65;7.35
2022-06-23 00:00:00;6.57;2.72;6.04;6.57;9.6;14.5;10.93;8.1;7.33
2022-06-24 00:00:00;6.57;2.7;6.06;6.57;9.69;14.5;11.47;7.75;7.44
2022-06-25 00:00:00;6.57;2.7;6.06;6.57;9.69;14.5;11.47;7.75;7.44
2022-06-26 00:00:00;6.57;2.7;6.06;6.57;9.69;14.5;11.47;7.75;7.44
2022-06-27 00:00:00;6.72;2.67;6.28;6.72;9.86;14.5;10.27;8.65;7.43
2022-06-28 00:00:00;6.67;2.67;6.29;6.67;9.79;14.5;10.27;8.65;7.45
2022-06-29 00:00:00;6.65;2.69;6.2;6.65;9.86;14.5;10.49;8.47;7.4
2022-06-30 00:00:00;6.67;2.69;6.29;6.67;9.86;14.5;10.27;8.65;7.43
2022-07-01 00:00:00;6.97;2.68;6.59;6.97;10.16;14.5;10.27;8.65;7.45
2022-07-02 00:00:00;6.97;2.68;6.59;6.97;10.16;14.5;10.27;8.65;7.45
2022-07-03 00:00:00;6.97;2.68;6.59;6.97;10.16;14.5;10.27;8.65;7.45
2022-07-04 00:00:00;6.97;2.72;6.58;6.97;10;14.5;10.43;8.65;7.5
2022-07-05 00:00:00;6.97;2.73;6.57;6.97;10.08;14.5;10.32;8.65;7.5
2022-07-06 00:00:00;6.92;2.74;6.52;6.92;10.05;14.5;10.93;8.65;7.45
2022-07-07 00:00:00;6.87;2.72;6.47;6.87;10.07;14.5;10.54;9.15;7.45
2022-07-08 00:00:00;6.77;2.68;6.35;6.77;9.92;14.5;10.6;9.65;7.4
2022-07-09 00:00:00;6.77;2.68;6.35;6.77;9.92;14.5;10.6;9.65;7.4
2022-07-10 00:00:00;6.77;2.68;6.35;6.77;9.92;14.5;10.6;9.65;7.4
2022-07-11 00:00:00;6.32;2.72;5.86;6.32;9.52;14.5;10.6;9.65;7.3
2022-07-12 00:00:00;6.77;2.75;6.31;6.77;9.83;14.5;10.43;9.65;7.26
2022-07-13 00:00:00;6.67;2.71;6.27;6.67;9.89;14.5;10.43;9.65;7.23
2022-07-14 00:00:00;7.07;2.76;6.47;7.07;9.78;14.5;10.52;9.85;7.24
2022-07-15 00:00:00;7.07;2.74;6.57;7.07;10.18;14.5;10.43;9.9;7.2
2022-07-16 00:00:00;7.07;2.74;6.57;7.07;10.18;14.5;10.43;9.9;7.2
2022-07-17 00:00:00;7.07;2.74;6.57;7.07;10.18;14.5;10.43;9.9;7.2
2022-07-18 00:00:00;6.82;2.73;6.48;6.82;10.14;14.5;10.6;10.25;7.3
2022-07-19 00:00:00;6.82;2.76;6.48;6.82;10.07;14.5;10.49;10.17;7.25
2022-07-20 00:00:00;6.76;2.75;6.44;6.76;10.11;14.5;10.6;10.1;7.28
2022-07-21 00:00:00;6.71;2.73;6.43;6.71;10.14;14.5;10.54;10.1;7.29
2022-07-22 00:00:00;6.71;2.74;6.44;6.71;10.06;14.5;10.07;10.1;7.28
2022-07-23 00:00:00;6.71;2.74;6.44;6.71;10.06;14.5;10.07;10.1;7.28
2022-07-24 00:00:00;6.71;2.74;6.44;6.71;10.06;14.5;10.07;10.1;7.28
2022-07-25 00:00:00;6.66;2.71;6.38;6.66;9.86;14.5;10.07;10.13;7.2
2022-07-26 00:00:00;7.07;2.72;6.77;7.07;10.01;14.5;10.07;10.1;7.24
2022-07-27 00:00:00;7.07;2.76;6.77;7.07;9.88;14.5;10.07;10.1;7.2
2022-07-28 00:00:00;7.07;2.73;6.77;7.07;9.93;14.5;10.07;10.1;7.2
2022-07-29 00:00:00;6.97;2.73;6.67;6.97;9.87;14.5;10.07;10.11;7.21
2022-07-30 00:00:00;6.97;2.73;6.67;6.97;9.87;14.5;10.07;10.11;7.21
2022-07-31 00:00:00;6.97;2.73;6.67;6.97;9.87;14.5;10.07;10.11;7.21
2022-08-01 00:00:00;7.07;2.69;6.77;7.07;9.35;14.51;10.07;10.1;7.1
2022-08-02 00:00:00;7.07;2.69;6.76;7.07;9.62;14.51;10.07;10.35;7.2
2022-08-03 00:00:00;7.37;2.68;7.06;7.37;10.51;14.52;10.07;10.23;7.2
2022-08-04 00:00:00;7.37;2.68;7.07;7.37;9.93;14.52;9.9;10.5;7.14
2022-08-05 00:00:00;7.37;2.68;7.07;7.37;10.93;14.53;9.9;10.35;7.14
2022-08-06 00:00:00;7.37;2.68;7.07;7.37;10.93;14.53;9.9;10.35;7.14
2022-08-07 00:00:00;7.37;2.68;7.07;7.37;10.93;14.53;9.9;10.35;7.14
2022-08-08 00:00:00;7.37;2.7;7.06;7.37;10.33;14.53;9.9;10.25;7.1
2022-08-09 00:00:00;7.37;2.69;7.06;7.37;10.59;14.54;9.9;10.25;7.1
2022-08-10 00:00:00;7.37;2.65;7.06;7.37;10.46;14.54;9.9;10.25;7.2
2022-08-11 00:00:00;7.37;2.64;7.07;7.37;10.57;14.55;9.9;10.25;7.24
2022-08-12 00:00:00;7.37;2.61;7.07;7.37;10.39;14.55;10.1;10.5;7.24
2022-08-13 00:00:00;7.37;2.61;7.07;7.37;10.39;14.55;10.1;10.5;7.24
2022-08-14 00:00:00;7.37;2.61;7.07;7.37;10.39;14.55;10.1;10.5;7.24
2022-08-15 00:00:00;7.37;2.63;7.07;7.37;10.46;14.56;10.1;10;7.23
2022-08-16 00:00:00;7.37;2.66;7.07;7.37;10.46;14.56;10.1;10.25;7.2
2022-08-17 00:00:00;7.37;2.62;7.07;7.37;10.68;14.57;10.1;10.5;7.16
2022-08-18 00:00:00;7.57;2.59;7.27;7.57;10.89;14.57;10.1;10.5;7.15
2022-08-19 00:00:00;7.57;2.56;7.28;7.57;11.11;14.58;10.65;10.25;7.15
2022-08-20 00:00:00;7.57;2.56;7.28;7.57;11.11;14.58;10.65;10.25;7.15
2022-08-21 00:00:00;7.57;2.56;7.28;7.57;11.11;14.58;10.65;10.25;7.15
2022-08-22 00:00:00;7.77;2.53;7.48;7.77;11.33;14.58;10.65;10.07;7.1
2022-08-23 00:00:00;7.77;2.63;7.48;7.77;11.33;14.58;10.65;10.1;7.09
2022-08-24 00:00:00;7.77;2.61;7.48;7.77;11.28;14.59;10.65;9.75;7.09
2022-08-25 00:00:00;7.77;2.57;7.47;7.77;11.3;14.59;10.65;9.38;7.14
2022-08-26 00:00:00;7.77;2.6;7.48;7.77;11.2;14.6;10.9;9.38;7.14
2022-08-27 00:00:00;7.77;2.6;7.48;7.77;11.2;14.6;10.9;9.38;7.14
2022-08-28 00:00:00;7.77;2.6;7.48;7.77;11.2;14.6;10.9;9.38;7.14
2022-08-29 00:00:00;7.77;2.6;7.48;7.77;11.24;14.6;10.78;9.65;7.12
2022-08-30 00:00:00;7.77;2.59;7.48;7.77;11.24;14.61;10.78;9.5;7.12
2022-08-31 00:00:00;7.77;2.62;7.48;7.77;11.33;14.61;10.9;9.73;7.21
2022-09-01 00:00:00;7.77;2.65;7.48;7.77;11.27;14.62;10.9;9.63;7.3
2022-09-02 00:00:00;7.77;2.66;7.48;7.77;11.32;14.62;11.4;9.5;7.3
2022-09-03 00:00:00;7.77;2.66;7.48;7.77;11.32;14.62;11.4;9.5;7.3
2022-09-04 00:00:00;7.77;2.66;7.48;7.77;11.32;14.62;11.4;9.5;7.3
2022-09-05 00:00:00;7.77;2.68;7.47;7.77;11.29;14.63;11.4;9.8;7.27
2022-09-06 00:00:00;7.77;2.73;7.47;7.77;11.31;14.63;11.4;9.8;7.33
2022-09-07 00:00:00;7.77;2.73;7.46;7.77;11.29;14.64;11.4;9.9;7.34
2022-09-08 00:00:00;7.77;2.71;7.46;7.77;11.3;14.64;11.4;10.3;7.35
2022-09-09 00:00:00;7.37;2.71;7.05;7.37;11.06;14.65;11.4;10.3;7.3
2022-09-10 00:00:00;7.37;2.71;7.05;7.37;11.06;14.65;11.4;10.3;7.3
2022-09-11 00:00:00;7.37;2.71;7.05;7.37;11.06;14.65;11.4;10.3;7.3
2022-09-12 00:00:00;7.37;2.75;7.05;7.37;11.06;14.65;11.4;10.9;7.33
2022-09-13 00:00:00;6.97;2.77;6.65;6.97;11.06;14.66;11.26;10.9;7.4
2022-09-14 00:00:00;6.97;2.76;6.65;6.97;10.44;14.66;11.33;10.9;7.38
2022-09-15 00:00:00;6.92;2.77;6.65;6.92;10.91;14.67;11.27;10.9;7.4
2022-09-16 00:00:00;6.62;2.77;6.32;6.62;10.18;14.67;11.27;11.3;7.4
2022-09-17 00:00:00;6.62;2.77;6.32;6.62;10.18;14.67;11.27;11.3;7.4
2022-09-18 00:00:00;6.62;2.77;6.32;6.62;10.18;14.67;11.27;11.3;7.4
2022-09-19 00:00:00;6.42;2.82;6.18;6.42;9.89;14.67;11.3;11.3;7.4
2022-09-20 00:00:00;6.42;2.8;6.13;6.42;10.17;14.68;11.28;11.3;7.43
2022-09-21 00:00:00;6.42;2.81;6.09;6.42;9.82;14.68;11.28;11.45;7.43
2022-09-22 00:00:00;6.36;2.79;6.04;6.36;9.96;14.69;11;11.45;7.4
2022-09-23 00:00:00;6.26;2.81;6;6.26;9.76;14.69;11.15;11.45;7.4
2022-09-24 00:00:00;6.26;2.81;6;6.26;9.76;14.69;11.15;11.45;7.4
2022-09-25 00:00:00;6.26;2.81;6;6.26;9.76;14.69;11.15;11.45;7.4
2022-09-26 00:00:00;6.06;2.8;5.85;6.06;9.67;14.7;10.73;11.45;7.4
2022-09-27 00:00:00;6.01;2.82;5.85;6.01;9.75;14.7;10.87;11.3;7.43
2022-09-28 00:00:00;6.01;2.8;5.85;6.01;9.47;14.71;10.83;11.4;7.5
2022-09-29 00:00:00;5.96;2.85;5.85;5.96;9.63;14.71;10.83;11.4;7.5
2022-09-30 00:00:00;5.96;2.78;5.85;5.96;9.34;14.72;10.8;11.3;7.58
2022-10-01 00:00:00;5.96;2.78;5.85;5.96;9.34;14.72;10.8;11.3;7.58
2022-10-02 00:00:00;5.96;2.78;5.85;5.96;9.34;14.72;10.8;11.3;7.58
2022-10-03 00:00:00;5.96;2.8;5.86;5.96;9.41;14.72;10.83;11.25;7.53
2022-10-04 00:00:00;5.96;2.84;5.85;5.96;9.41;14.73;10.83;11.25;7.5
2022-10-05 00:00:00;5.96;2.84;5.85;5.96;9.31;14.73;10.83;11.17;7.4
2022-10-06 00:00:00;5.96;2.83;5.77;5.96;9.35;14.74;10.83;10.97;7.38
2022-10-07 00:00:00;5.96;2.83;5.83;5.96;9.36;14.74;10.83;11.16;7.45
2022-10-08 00:00:00;5.96;2.83;5.83;5.96;9.36;14.74;10.83;11.16;7.45
2022-10-09 00:00:00;5.96;2.83;5.83;5.96;9.36;14.74;10.83;11.16;7.45
2022-10-10 00:00:00;5.76;2.73;5.66;5.76;9.22;14.75;10.83;10.37;7.33
2022-10-11 00:00:00;5.71;2.75;5.64;5.71;9.27;14.75;10.83;10.37;7.33
2022-10-12 00:00:00;5.71;2.72;5.65;5.71;9.11;14.75;11.4;9.9;7.34
2022-10-13 00:00:00;5.91;2.73;5.97;5.91;9.16;14.76;11.4;9.73;7.34
2022-10-14 00:00:00;6.12;2.77;5.95;6.12;9.36;14.76;10.8;9.73;7.3
2022-10-15 00:00:00;6.12;2.77;5.95;6.12;9.36;14.76;10.8;9.73;7.3
2022-10-16 00:00:00;6.12;2.77;5.95;6.12;9.36;14.76;10.8;9.73;7.3
2022-10-17 00:00:00;6.62;2.75;6.47;6.62;9.54;14.77;10.2;9.47;7.33
2022-10-18 00:00:00;6.62;2.71;6.47;6.62;9.34;14.77;10.95;9.33;7.28
2022-10-19 00:00:00;6.62;2.73;6.39;6.62;9.82;14.78;10.13;9.23;7.31
2022-10-20 00:00:00;6.52;2.73;6.37;6.52;9.57;14.78;10.7;9.13;7.13
2022-10-21 00:00:00;6.52;2.7;6.38;6.52;9.79;14.79;9.6;8.85;7.03
2022-10-22 00:00:00;6.52;2.7;6.38;6.52;9.79;14.79;9.6;8.85;7.03
2022-10-23 00:00:00;6.52;2.7;6.38;6.52;9.79;14.79;9.6;8.85;7.03
2022-10-24 00:00:00;6.82;2.69;6.66;6.82;10.12;14.79;9.6;8.48;7.15
2022-10-25 00:00:00;6.82;2.71;6.66;6.82;9.91;14.8;10.01;8.4;7.1
2022-10-26 00:00:00;6.82;2.78;6.66;6.82;10.1;14.8;9.13;8.28;7.09
2022-10-27 00:00:00;6.82;2.75;6.66;6.82;10;14.81;9.44;8.3;7.1
2022-10-28 00:00:00;6.72;2.74;6.57;6.72;10.11;14.81;8.6;8.47;7.1
2022-10-29 00:00:00;6.72;2.74;6.57;6.72;10.11;14.81;8.6;8.47;7.1
2022-10-30 00:00:00;6.72;2.74;6.57;6.72;10.11;14.81;8.6;8.47;7.1
2022-10-31 00:00:00;6.79;2.75;6.64;6.79;10.11;14.82;8.86;8.36;7.1
2022-11-01 00:00:00;6.79;2.76;6.63;6.79;10.11;14.82;8.86;8.35;7.1
2022-11-02 00:00:00;7.02;2.76;6.8;7.02;10.1;14.83;8.8;7.85;7.1
2022-11-03 00:00:00;6.92;2.77;6.76;6.92;10.1;14.83;8.7;7.85;7.11
2022-11-04 00:00:00;6.81;2.78;6.51;6.81;10.34;14.83;8.8;8.65;7.08
2022-11-05 00:00:00;6.81;2.78;6.51;6.81;10.34;14.83;8.8;8.65;7.08
2022-11-06 00:00:00;6.81;2.78;6.51;6.81;10.34;14.83;8.8;8.65;7.08
2022-11-07 00:00:00;6.62;2.76;6.31;6.62;10.11;14.84;8.8;7.6;7.1
2022-11-08 00:00:00;6.52;2.74;6.29;6.52;10.16;14.84;8.8;8.1;7.15
2022-11-09 00:00:00;6.72;2.76;6.47;6.72;10.18;14.85;8.8;8.05;7.11
2022-11-10 00:00:00;6.47;2.76;6.23;6.47;10.22;14.85;8.3;8.2;7.15
2022-11-11 00:00:00;6.47;2.73;6.19;6.47;9.87;14.86;8.33;8;7.08
2022-11-12 00:00:00;6.47;2.73;6.19;6.47;9.87;14.86;8.33;8;7.08
2022-11-13 00:00:00;6.47;2.73;6.19;6.47;9.87;14.86;8.33;8;7.08
2022-11-14 00:00:00;6.32;2.79;6.1;6.32;9.86;14.86;8.33;8.35;7.1
2022-11-15 00:00:00;6.72;2.76;6.4;6.72;9.86;14.87;8.32;8.35;7.15
2022-11-16 00:00:00;6.62;2.8;6.4;6.62;10.1;14.87;8.32;8.23;7.16
2022-11-17 00:00:00;6.52;2.77;6.3;6.52;9.94;14.88;8.33;8.35;7.15
2022-11-18 00:00:00;6.52;2.77;6.28;6.52;10.05;14.88;8.33;8.1;7.15
2022-11-19 00:00:00;6.52;2.77;6.28;6.52;10.05;14.88;8.33;8.1;7.15
2022-11-20 00:00:00;6.52;2.77;6.28;6.52;10.05;14.88;8.33;8.1;7.15
2022-11-21 00:00:00;6.52;2.78;6.28;6.52;10.06;14.89;8.33;8;7.15
2022-11-22 00:00:00;6.52;2.71;6.21;6.52;10.07;14.89;8.33;8.2;7.08
2022-11-23 00:00:00;6.52;2.76;6.18;6.52;10.07;14.9;8.33;7.95;7.05
2022-11-24 00:00:00;6.42;2.78;6.09;6.42;10.06;14.9;8.13;7.85;7.03
2022-11-25 00:00:00;6.32;2.74;6;6.32;10.07;14.91;8.13;7.85;7
2022-11-26 00:00:00;6.32;2.74;6;6.32;10.07;14.91;8.13;7.85;7
2022-11-27 00:00:00;6.32;2.74;6;6.32;10.07;14.91;8.13;7.85;7
2022-11-28 00:00:00;6.32;2.66;5.97;6.32;9.98;14.91;8.13;7.85;7.04
2022-11-29 00:00:00;6.22;2.68;5.97;6.22;10.04;14.92;8.13;7.7;7.01
2022-11-30 00:00:00;6.62;2.69;6.36;6.62;10.22;14.92;8.13;7.6;6.9
2022-12-01 00:00:00;6.62;2.68;6.36;6.62;10.09;14.92;8;7.6;6.89
2022-12-02 00:00:00;7.02;2.68;6.75;7.02;10.43;14.93;8;7.6;6.95
2022-12-03 00:00:00;7.02;2.68;6.75;7.02;10.43;14.93;8;7.6;6.95
2022-12-04 00:00:00;7.02;2.68;6.75;7.02;10.43;14.93;8;7.6;6.95
2022-12-05 00:00:00;6.92;2.77;6.58;6.92;10.35;14.93;8;7.7;7.19
2022-12-06 00:00:00;6.72;2.78;6.47;6.72;10.33;14.94;8;7.6;7.19
2022-12-07 00:00:00;6.32;2.78;6.06;6.32;9.85;14.94;8;7.7;7.2
2022-12-08 00:00:00;6.75;2.75;6.46;6.75;10.21;14.95;8;7.65;7.13
2022-12-09 00:00:00;6.65;2.78;6.37;6.65;10.1;14.95;8;7.67;7.19
2022-12-10 00:00:00;6.65;2.78;6.37;6.65;10.1;14.95;8;7.67;7.19
2022-12-11 00:00:00;6.65;2.78;6.37;6.65;10.1;14.95;8;7.67;7.19
2022-12-12 00:00:00;4.62;2.71;4.39;4.62;8.84;14.96;8;7.3;7.34
2022-12-13 00:00:00;4.52;2.71;4.29;4.52;9.34;14.96;8;7.3;7.4
2022-12-14 00:00:00;4.12;2.74;3.88;4.12;8.49;14.97;8;6.9;7.4
2022-12-15 00:00:00;4.12;2.74;3.89;4.12;8.66;14.97;7.73;7;7.45
2022-12-16 00:00:00;5.12;2.76;4.9;5.12;8.98;14.98;7.73;6.9;7.4
2022-12-17 00:00:00;5.12;2.76;4.9;5.12;8.98;14.98;7.73;6.9;7.4
2022-12-18 00:00:00;5.12;2.76;4.9;5.12;8.98;14.98;7.73;6.9;7.4
2022-12-19 00:00:00;6.12;2.69;5.9;6.12;9.77;14.98;7.73;6.65;7.38
2022-12-20 00:00:00;6.62;2.72;6.4;6.62;9.08;14.99;7.73;6.75;7.35
2022-12-21 00:00:00;6.62;2.77;6.4;6.62;10.14;14.99;7.73;6.75;7.33
2022-12-22 00:00:00;7.12;2.71;6.82;7.12;9.63;15;7.73;6.77;7.23
2022-12-23 00:00:00;7.12;2.8;6.82;7.12;10.42;15;7.73;6.77;7.16
2022-12-24 00:00:00;7.12;2.8;6.82;7.12;10.42;15;7.73;6.77;7.16
2022-12-25 00:00:00;7.12;2.8;6.82;7.12;10.42;15;7.73;6.77;7.16
2022-12-26 00:00:00;6.87;2.75;6.61;6.87;10.28;15;7.73;6.76;7.27
2022-12-27 00:00:00;7.12;2.84;6.77;7.12;10.28;15;7.73;7.43;7.1
2022-12-28 00:00:00;6.82;2.85;6.58;6.82;10.31;15;7.67;7.25;6.85
2022-12-29 00:00:00;6.32;2.82;6.06;6.32;10.37;15;7.67;7.27;6.83
2022-12-30 00:00:00;6.75;2.84;6.47;6.75;10.31;14.97;7.67;7.32;6.93
2022-12-31 00:00:00;6.75;2.84;6.47;6.75;10.31;14.97;7.67;7.32;6.93
2023-01-01 00:00:00;6.75;2.84;6.47;6.75;10.31;14.97;7.67;7.32;6.93
2023-01-02 00:00:00;6.75;2.84;6.47;6.75;10.31;14.94;7.67;7.32;6.93
2023-01-03 00:00:00;6.12;2.75;5.81;6.12;10.31;14.91;7.67;7.93;6.73
2023-01-04 00:00:00;6.12;2.75;5.87;6.12;9.98;14.88;7.77;7.73;6.74
2023-01-05 00:00:00;6.52;2.73;6.27;6.52;9.66;14.85;7.77;7.67;6.73
2023-01-06 00:00:00;6.42;2.75;6.24;6.42;9.33;14.82;7.77;7.75;6.68
2023-01-07 00:00:00;6.42;2.75;6.24;6.42;9.33;14.82;7.77;7.75;6.68
2023-01-08 00:00:00;6.42;2.75;6.24;6.42;9.33;14.82;7.77;7.75;6.68
2023-01-09 00:00:00;6.52;2.81;6.23;6.52;9.33;14.79;7.77;8.5;6.72
2023-01-10 00:00:00;6.32;2.81;5.96;6.32;9.33;14.76;7.77;8.5;6.63
2023-01-11 00:00:00;5.82;2.8;5.53;5.82;9.33;14.72;8.1;8.5;6.54
2023-01-12 00:00:00;5.52;2.8;5.13;5.52;9.33;14.69;8.1;8.5;6.5
2023-01-13 00:00:00;4.72;2.76;4.43;4.72;9.17;14.66;8.1;8.65;6.5
2023-01-14 00:00:00;4.72;2.76;4.43;4.72;9.17;14.66;8.1;8.65;6.5
2023-01-15 00:00:00;4.72;2.76;4.43;4.72;9.17;14.66;8.1;8.65;6.5
2023-01-16 00:00:00;4.52;2.79;4.24;4.52;9;14.63;8.1;8.77;6.54
2023-01-17 00:00:00;4.52;2.8;4.24;4.52;8.84;14.6;8.1;8.77;6.5
2023-01-18 00:00:00;4.52;2.79;4.24;4.52;8.68;14.57;8.1;8.75;6.5
2023-01-19 00:00:00;4.52;2.81;4.24;4.52;8.51;14.54;8.1;9;6.49
2023-01-20 00:00:00;4.52;2.75;4.23;4.52;8.35;14.51;7.93;9;6.49
2023-01-21 00:00:00;4.52;2.75;4.23;4.52;8.35;14.51;7.93;9;6.49
2023-01-22 00:00:00;4.52;2.75;4.23;4.52;8.35;14.51;7.93;9;6.49
2023-01-23 00:00:00;6.52;2.74;6.23;6.52;9.82;14.48;8.02;9.4;6.5
2023-01-24 00:00:00;6.52;2.73;6.22;6.52;9.09;14.45;8.02;9.4;6.6
2023-01-25 00:00:00;6.52;2.73;6.23;6.52;9.82;14.42;7.93;9.65;6.66
2023-01-26 00:00:00;6.52;2.74;6.23;6.52;9.33;14.39;7.93;9.65;6.69
2023-01-27 00:00:00;6.52;2.73;6.23;6.52;9.79;14.36;7.93;9.65;6.75
2023-01-28 00:00:00;6.52;2.73;6.23;6.52;9.79;14.36;7.93;9.65;6.75
2023-01-29 00:00:00;6.52;2.73;6.23;6.52;9.79;14.36;7.93;9.65;6.75
2023-01-30 00:00:00;6.41;2.71;6.14;6.41;9.72;14.33;7.93;9.9;6.67
2023-01-31 00:00:00;6.41;2.66;6.14;6.41;9.78;14.3;7.93;10;7.03
2023-02-01 00:00:00;6.92;2.66;6.64;6.92;10.25;14.27;7.93;9.87;7.1
2023-02-02 00:00:00;6.92;2.67;6.63;6.92;9.92;14.23;7.6;9.6;7.1
2023-02-03 00:00:00;6.92;2.67;6.64;6.92;10.32;14.2;7.6;9.75;7.2
2023-02-04 00:00:00;6.92;2.67;6.64;6.92;10.32;14.2;7.6;9.75;7.2
2023-02-05 00:00:00;6.92;2.67;6.64;6.92;10.32;14.2;7.6;9.75;7.2
2023-02-06 00:00:00;6.92;2.68;6.62;6.92;10.32;14.17;7.6;9.4;7.11
2023-02-07 00:00:00;7.32;2.64;7.02;7.32;10.3;14.14;7.6;9.4;7.46
2023-02-08 00:00:00;7.32;2.67;7.02;7.32;10.66;14.11;7.6;9.4;7.7
2023-02-09 00:00:00;7.32;2.64;7.02;7.32;10.43;14.08;7.6;9.55;7.74
2023-02-10 00:00:00;7.32;2.65;7.03;7.32;10.75;14.05;7.6;9.53;7.88
2023-02-11 00:00:00;7.32;2.65;7.03;7.32;10.75;14.05;7.6;9.53;7.88
2023-02-12 00:00:00;7.32;2.65;7.03;7.32;10.75;14.05;7.6;9.53;7.88
2023-02-13 00:00:00;7.72;2.62;7.44;7.72;11.14;14.02;7.6;9.4;7.7
2023-02-14 00:00:00;7.72;2.65;7.44;7.72;11.14;13.99;7.6;9.4;8.3
2023-02-15 00:00:00;7.72;2.65;7.43;7.72;11.11;13.96;7.6;9.4;7.97
2023-02-16 00:00:00;7.62;2.65;7.44;7.62;11.04;13.93;7.6;9.4;8.35
2023-02-17 00:00:00;7.62;2.65;7.44;7.62;11.08;13.9;10.1;9.4;8.33
2023-02-18 00:00:00;7.62;2.65;7.44;7.62;11.08;13.9;10.1;9.4;8.33
2023-02-19 00:00:00;7.62;2.65;7.44;7.62;11.08;13.9;10.1;9.4;8.33
2023-02-20 00:00:00;8.02;2.69;7.74;8.02;11.31;13.87;10.1;9.4;8.33
2023-02-21 00:00:00;8.22;2.67;7.93;8.22;11.17;13.84;10.1;9.4;8.03
2023-02-22 00:00:00;8.22;2.65;7.93;8.22;11.82;13.81;10.1;9.4;7.95
2023-02-23 00:00:00;8.22;2.66;7.94;8.22;11.4;13.78;10.1;9.4;7.99
2023-02-24 00:00:00;8.22;2.71;7.94;8.22;11.89;13.74;9.77;9.4;7.85
2023-02-25 00:00:00;8.22;2.71;7.94;8.22;11.89;13.74;9.77;9.4;7.85
2023-02-26 00:00:00;8.22;2.71;7.94;8.22;11.89;13.74;9.77;9.4;7.85
2023-02-27 00:00:00;8.22;2.67;7.93;8.22;11.86;13.71;9.77;9.4;7.94
2023-02-28 00:00:00;8.22;2.67;7.93;8.22;11.86;13.68;9.77;9.47;8.29
2023-03-01 00:00:00;8.22;2.64;7.94;8.22;11.98;13.65;9.77;10.5;8.3
2023-03-02 00:00:00;8.22;2.62;7.94;8.22;11.91;13.62;9.43;11;8.3
2023-03-03 00:00:00;8.22;2.67;7.95;8.22;11.99;13.59;9.43;11.1;8.38
2023-03-04 00:00:00;8.22;2.67;7.95;8.22;11.99;13.59;9.43;11.1;8.38
2023-03-05 00:00:00;8.22;2.67;7.95;8.22;11.99;13.59;9.43;11.1;8.38
2023-03-06 00:00:00;8.22;2.61;7.94;8.22;12.05;13.56;9.43;12;8.32
2023-03-07 00:00:00;8.22;2.67;7.94;8.22;12.01;13.53;9.43;12.17;8.78
2023-03-08 00:00:00;8.52;2.61;8.25;8.52;12.42;13.5;9.43;12.2;8.8
2023-03-09 00:00:00;8.52;2.64;8.26;8.52;12.15;13.5;9.43;11.75;8.8
2023-03-10 00:00:00;8.52;2.61;8.25;8.52;12.6;13.5;9.33;11.5;8.83
2023-03-11 00:00:00;8.52;2.61;8.25;8.52;12.6;13.5;9.33;11.5;8.83
2023-03-12 00:00:00;8.52;2.61;8.25;8.52;12.6;13.5;9.33;11.5;8.83
2023-03-13 00:00:00;8.52;2.58;8.25;8.52;12.59;13.5;9.43;11;8.8
2023-03-14 00:00:00;8.52;2.55;8.31;8.52;12.54;13.5;9.42;11;9.1
2023-03-15 00:00:00;8.53;2.55;8.32;8.53;12.78;13.5;9.4;10.67;9.14
2023-03-16 00:00:00;8.73;2.61;8.28;8.73;12.66;13.5;9.83;10.5;9.1
2023-03-17 00:00:00;8.73;2.52;8.29;8.73;12.84;13.5;9.83;10.58;9.1
2023-03-18 00:00:00;8.73;2.52;8.29;8.73;12.84;13.5;9.83;10.58;9.1
2023-03-19 00:00:00;8.73;2.52;8.29;8.73;12.84;13.5;9.83;10.58;9.1
2023-03-20 00:00:00;8.93;2.61;8.47;8.93;12.9;13.5;9.69;10.25;9.11
2023-03-21 00:00:00;8.93;2.59;8.45;8.93;12.84;13.5;9.83;10.5;9.21
2023-03-22 00:00:00;8.93;2.62;8.45;8.93;12.89;13.5;9.83;10.43;9.23
2023-03-23 00:00:00;8.93;2.62;8.45;8.93;12.88;13.5;9.83;10.5;9.25
2023-03-24 00:00:00;8.93;2.61;8.45;8.93;13.07;13.5;9.83;10.5;9.25
2023-03-25 00:00:00;8.93;2.61;8.45;8.93;13.07;13.5;9.83;10.5;9.25
2023-03-26 00:00:00;8.93;2.61;8.45;8.93;13.07;13.5;9.83;10.5;9.25
2023-03-27 00:00:00;8.83;2.59;8.45;8.83;12.8;13.5;9.83;10.5;9.23
2023-03-28 00:00:00;8.83;2.67;8.45;8.83;12.92;13.5;9.83;10.5;9.2
2023-03-29 00:00:00;8.83;2.7;8.45;8.83;12.85;13.5;9.83;10;9.2
2023-03-30 00:00:00;8.73;2.68;8.45;8.73;12.91;13.5;9.83;10.5;9.2
2023-03-31 00:00:00;8.63;2.66;8.35;8.63;12.82;13.5;10.1;11.5;9.18
2023-04-01 00:00:00;8.63;2.66;8.35;8.63;12.82;13.5;10.1;11.5;9.18
2023-04-02 00:00:00;8.63;2.66;8.35;8.63;12.82;13.5;10.1;11.5;9.18
2023-04-03 00:00:00;8.23;2.63;7.93;8.23;12.2;13.5;9.9;12;9.19
2023-04-04 00:00:00;8.23;2.64;7.93;8.23;12.62;13.5;10.5;12;9.05
2023-04-05 00:00:00;8.23;2.66;7.93;8.23;12.16;13.5;10.5;11.25;9.08
2023-04-06 00:00:00;8.33;2.65;8.04;8.33;12.39;13.5;10.37;11.69;9.1
2023-04-07 00:00:00;8.23;2.64;7.93;8.23;12.18;13.5;10.5;11.75;9.06
2023-04-08 00:00:00;8.23;2.64;7.93;8.23;12.18;13.5;10.5;11.75;9.06
2023-04-09 00:00:00;8.23;2.64;7.93;8.23;12.18;13.5;10.5;11.75;9.06
2023-04-10 00:00:00;8.23;2.66;7.9;8.23;11.95;13.5;10.5;11.17;9.06
2023-04-11 00:00:00;8.53;2.61;8.2;8.53;12.05;13.5;10.5;11.17;9.1
2023-04-12 00:00:00;8.53;2.6;8.21;8.53;12.45;13.5;10.5;11.17;9.18
2023-04-13 00:00:00;8.83;2.61;8.52;8.83;12.2;13.5;11.25;12;9.18
2023-04-14 00:00:00;8.83;2.57;8.52;8.83;12.52;13.5;11.25;12;9.26
2023-04-15 00:00:00;8.83;2.57;8.52;8.83;12.52;13.5;11.25;12;9.26
2023-04-16 00:00:00;8.83;2.57;8.52;8.83;12.52;13.5;11.25;12;9.26
2023-04-17 00:00:00;8.83;2.59;8.5;8.83;12.68;13.5;10.88;11.17;9.18
2023-04-18 00:00:00;8.83;2.65;8.5;8.83;12.55;13.5;11.25;10.75;9.45
2023-04-19 00:00:00;9.12;2.72;8.8;9.12;13.18;13.5;11.25;10.25;9.5
2023-04-20 00:00:00;9.12;2.7;8.78;9.12;12.79;13.5;11.25;10.5;9.54
2023-04-21 00:00:00;9.12;2.64;8.82;9.12;12.93;13.5;12.25;10.75;9.54
2023-04-22 00:00:00;9.12;2.64;8.82;9.12;12.93;13.5;12.25;10.75;9.54
2023-04-23 00:00:00;9.12;2.64;8.82;9.12;12.93;13.5;12.25;10.75;9.54
2023-04-24 00:00:00;9.12;2.63;8.79;9.12;13.16;13.5;11.5;10.5;9.51
2023-04-25 00:00:00;9.12;2.6;8.74;9.12;13.17;13.5;12.5;10.75;9.79
2023-04-26 00:00:00;9.02;2.53;8.72;9.02;13.21;13.5;12.5;9.75;9.7
2023-04-27 00:00:00;9.02;2.58;8.71;9.02;13.19;13.5;12.5;9.75;9.7
2023-04-28 00:00:00;9.07;2.58;8.74;9.07;13.19;13.5;12.5;10.19;9.73
2023-04-29 00:00:00;9.07;2.58;8.74;9.07;13.19;13.5;12.5;10.19;9.73
2023-04-30 00:00:00;9.07;2.58;8.74;9.07;13.19;13.5;12.5;10.19;9.73
2023-05-01 00:00:00;9.05;2.57;8.72;9.05;13.21;13.5;12.5;10.08;9.73
2023-05-02 00:00:00;8.52;2.59;8.15;8.52;13.21;13.5;12.5;9.5;9.6
2023-05-03 00:00:00;8.42;2.59;8.15;8.42;12.77;13.5;12.5;9.25;9.54
2023-05-04 00:00:00;8.42;2.6;8.15;8.42;12.77;13.5;12.5;9.25;9.48
2023-05-05 00:00:00;8.42;2.61;8.15;8.42;12.76;13.5;12.5;9.25;9.5
2023-05-06 00:00:00;8.42;2.61;8.15;8.42;12.76;13.5;12.5;9.25;9.5
2023-05-07 00:00:00;8.42;2.61;8.15;8.42;12.76;13.5;12.5;9.25;9.5
2023-05-08 00:00:00;8.42;2.6;8.12;8.42;12.57;13.5;12.5;9.25;9.53
2023-05-09 00:00:00;8.42;2.63;8.11;8.42;12.7;13.5;12.6;9.5;9.45
2023-05-10 00:00:00;8.42;2.64;8.1;8.42;12.48;13.5;12.6;9.5;9.5
2023-05-11 00:00:00;8.37;2.65;8.1;8.37;12.6;13.5;12.6;8.75;9.5
2023-05-12 00:00:00;8.37;2.59;8.1;8.37;12.4;13.5;12.6;8.75;9.55
2023-05-13 00:00:00;8.37;2.59;8.1;8.37;12.4;13.5;12.6;8.75;9.55
2023-05-14 00:00:00;8.37;2.59;8.1;8.37;12.4;13.5;12.6;8.75;9.55
2023-05-15 00:00:00;8.37;2.64;8.11;8.37;12.42;13.5;12.6;8.75;9.5
2023-05-16 00:00:00;8.37;2.66;8.1;8.37;12.42;13.5;12.6;8.75;9.55
2023-05-17 00:00:00;7.97;2.72;7.7;7.97;12.42;13.5;12.6;8.75;9.55
2023-05-18 00:00:00;7.97;2.68;7.7;7.97;12.42;13.5;12.6;8.9;9.55
2023-05-19 00:00:00;7.97;2.72;7.7;7.97;11.93;13.5;12.6;8.5;9.49
2023-05-20 00:00:00;7.97;2.72;7.7;7.97;11.93;13.5;12.6;8.5;9.49
2023-05-21 00:00:00;7.97;2.72;7.7;7.97;11.93;13.5;12.6;8.5;9.49
2023-05-22 00:00:00;7.47;2.7;7.08;7.47;11.53;13.5;12.6;8.5;9.54
2023-05-23 00:00:00;7.47;2.72;7.09;7.47;12.07;13.5;12.75;8.5;9.36
2023-05-24 00:00:00;7.47;2.74;7.1;7.47;11.38;13.5;12.75;8.25;9.23
2023-05-25 00:00:00;7.32;2.76;7;7.32;11.61;13.5;12.75;8.5;9.23
2023-05-26 00:00:00;6.82;2.75;6.47;6.82;10.97;13.5;12.75;8.5;9.2
2023-05-27 00:00:00;6.82;2.75;6.47;6.82;10.97;13.5;12.75;8.5;9.2
2023-05-28 00:00:00;6.82;2.75;6.47;6.82;10.97;13.5;12.75;8.5;9.2
2023-05-29 00:00:00;6.72;2.76;6.39;6.72;10.68;13.5;12.75;8.43;9.25
2023-05-30 00:00:00;6.62;2.77;6.31;6.62;11.01;13.5;12.75;8.43;9.14
2023-05-31 00:00:00;6.42;2.8;6.22;6.42;10.53;13.5;12.6;8.77;9.15
2023-06-01 00:00:00;6.42;2.79;6.13;6.42;10.73;13.5;12.6;8.43;9.15
2023-06-02 00:00:00;5.82;2.81;5.71;5.82;9.9;13.49;12.27;8.25;9.2
2023-06-03 00:00:00;5.82;2.81;5.71;5.82;9.9;13.49;12.27;8.25;9.2
2023-06-04 00:00:00;5.82;2.81;5.71;5.82;9.9;13.49;12.27;8.25;9.2
2023-06-05 00:00:00;5.32;2.75;4.92;5.32;9.69;13.49;11.6;8.25;9.16
2023-06-06 00:00:00;5.32;2.8;4.9;5.32;10.04;13.48;11.6;8.5;9.26
2023-06-07 00:00:00;5.17;2.78;4.79;5.17;9.38;13.48;11.6;8.5;9.35
2023-06-08 00:00:00;4.92;2.79;4.72;4.92;9.38;13.47;11.26;9.25;9.33
2023-06-09 00:00:00;4.82;2.77;4.64;4.82;8.93;13.47;11.26;9.25;9.23
2023-06-10 00:00:00;4.82;2.77;4.64;4.82;8.93;13.47;11.26;9.25;9.23
2023-06-11 00:00:00;4.82;2.77;4.64;4.82;8.93;13.47;11.26;9.25;9.23
2023-06-12 00:00:00;4.82;2.74;4.65;4.82;8.53;13.46;11.27;9.83;9.29
2023-06-13 00:00:00;5.32;2.68;5.15;5.32;9.05;13.46;11.27;9.5;9.2
2023-06-14 00:00:00;5.32;2.73;5.15;5.32;9.02;13.45;11.27;9.25;9.25
2023-06-15 00:00:00;6.02;2.73;5.86;6.02;8.83;13.45;11.27;9.5;9.2
2023-06-16 00:00:00;6.02;2.74;5.85;6.02;9.51;13.44;11.27;9.17;9.2
2023-06-17 00:00:00;6.02;2.74;5.85;6.02;9.51;13.44;11.27;9.17;9.2
2023-06-18 00:00:00;6.02;2.74;5.85;6.02;9.51;13.44;11.27;9.17;9.2
2023-06-19 00:00:00;6.42;2.73;6.24;6.42;9.91;13.44;10.83;9.75;9.21
2023-06-20 00:00:00;6.42;2.72;6.25;6.42;9.48;13.43;10.83;9.5;9.11
2023-06-21 00:00:00;6.42;2.7;6.24;6.42;9.96;13.43;10.83;9.5;9.08
2023-06-22 00:00:00;6.72;2.7;6.54;6.72;9.79;13.43;10.83;9.5;9.03
2023-06-23 00:00:00;6.72;2.76;6.54;6.72;10.2;13.43;10.83;9.5;9.03
2023-06-24 00:00:00;6.72;2.76;6.54;6.72;10.2;13.43;10.83;9.5;9.03
2023-06-25 00:00:00;6.72;2.76;6.54;6.72;10.2;13.43;10.83;9.5;9.03
2023-06-26 00:00:00;7.12;2.71;6.94;7.12;10.47;13.43;10.83;10.83;9.06
2023-06-27 00:00:00;7.12;2.73;6.94;7.12;10.21;13.43;10.83;11.5;9
2023-06-28 00:00:00;7.12;2.69;6.94;7.12;10.59;13.43;10.97;11.25;9
2023-06-29 00:00:00;7.02;2.72;6.84;7.02;10.42;13.43;10.87;10.77;9.01
2023-06-30 00:00:00;7.12;2.71;6.94;7.12;10.53;13.43;10.88;11.19;9
2023-07-01 00:00:00;7.12;2.71;6.94;7.12;10.53;13.43;10.88;11.19;9
2023-07-02 00:00:00;7.12;2.71;6.94;7.12;10.53;13.43;10.88;11.19;9
2023-07-03 00:00:00;7.12;2.74;6.93;7.12;10.59;13.43;11.73;11.5;9
2023-07-04 00:00:00;7.12;2.71;6.93;7.12;10.59;13.43;11.73;11.5;9.08
2023-07-05 00:00:00;7.12;2.74;6.93;7.12;10.52;13.43;11.73;11.75;9.05
2023-07-06 00:00:00;7.12;2.74;6.93;7.12;10.55;13.43;11.73;10.43;9.05
2023-07-07 00:00:00;7.12;2.77;6.93;7.12;10.55;13.43;11.9;10.6;9.05
2023-07-08 00:00:00;7.12;2.77;6.93;7.12;10.55;13.43;11.9;10.6;9.05
2023-07-09 00:00:00;7.12;2.77;6.93;7.12;10.55;13.43;11.9;10.6;9.05
2023-07-10 00:00:00;7.12;2.69;6.92;7.12;10.46;13.43;11.9;10.35;9.06
2023-07-11 00:00:00;7.12;2.68;6.93;7.12;10.51;13.43;11.9;10.35;9.08
2023-07-12 00:00:00;7.12;2.72;6.93;7.12;10.56;13.43;12.07;10.35;9.08
2023-07-13 00:00:00;7.12;2.7;6.93;7.12;10.52;13.43;12.07;10.35;9.08
2023-07-14 00:00:00;7.12;2.68;6.93;7.12;10.52;13.43;12.07;10.2;9.08
2023-07-15 00:00:00;7.12;2.68;6.93;7.12;10.52;13.43;12.07;10.2;9.08
2023-07-16 00:00:00;7.12;2.68;6.93;7.12;10.52;13.43;12.07;10.2;9.08
2023-07-17 00:00:00;7.12;2.74;6.93;7.12;10.51;13.43;12.07;10.45;9.08
2023-07-18 00:00:00;7.12;2.68;6.93;7.12;10.53;13.43;12.23;10.45;9.1
2023-07-19 00:00:00;7.12;2.72;6.93;7.12;10.53;13.43;12.23;10.45;9.1
2023-07-20 00:00:00;7.12;2.64;6.93;7.12;10.52;13.43;12.23;10.45;9.08
2023-07-21 00:00:00;7.12;2.63;6.94;7.12;10.5;13.43;12.23;10.4;9.08
2023-07-22 00:00:00;7.12;2.63;6.94;7.12;10.5;13.43;12.23;10.4;9.08
2023-07-23 00:00:00;7.12;2.63;6.94;7.12;10.5;13.43;12.23;10.4;9.08
2023-07-24 00:00:00;7.12;2.63;6.93;7.12;10.48;13.43;12.23;10.57;9.09
2023-07-25 00:00:00;7.12;2.68;6.94;7.12;10.5;13.43;12.23;10.45;8.95
2023-07-26 00:00:00;7.12;2.71;6.93;7.12;10.43;13.43;12.23;9.95;8.95
2023-07-27 00:00:00;7.12;2.66;6.94;7.12;10.47;13.43;12.23;10.34;8.99
2023-07-28 00:00:00;7.12;2.67;6.93;7.12;10.45;13.43;12.23;10.32;8.95
2023-07-29 00:00:00;7.12;2.67;6.93;7.12;10.45;13.43;12.23;10.32;8.95
2023-07-30 00:00:00;7.12;2.67;6.93;7.12;10.45;13.43;12.23;10.32;8.95
2023-07-31 00:00:00;7.12;2.73;6.94;7.12;10.5;13.43;12.23;9.97;8.91
2023-08-01 00:00:00;7.12;2.76;6.93;7.12;10.46;13.43;12.23;10.18;9
2023-08-02 00:00:00;6.82;2.74;6.63;6.82;10.28;13.43;12.23;10.03;8.98
2023-08-03 00:00:00;6.82;2.78;6.63;6.82;10.39;13.43;12.23;9.8;8.9
2023-08-04 00:00:00;6.82;2.76;6.63;6.82;10.03;13.43;12.23;9.97;8.9
2023-08-05 00:00:00;6.82;2.76;6.63;6.82;10.03;13.43;12.23;9.97;8.9
2023-08-06 00:00:00;6.82;2.76;6.63;6.82;10.03;13.43;12.23;9.97;8.9
2023-08-07 00:00:00;6.82;2.73;6.64;6.82;10.19;13.43;12.23;9.13;8.9
2023-08-08 00:00:00;6.82;2.77;6.63;6.82;10.19;13.43;12.23;8.97;8.9
2023-08-09 00:00:00;6.82;2.77;6.62;6.82;10.22;13.43;12.23;8.87;8.9
2023-08-10 00:00:00;6.82;2.8;6.62;6.82;10.16;13.43;12.23;8.63;8.98
2023-08-11 00:00:00;6.82;2.79;6.63;6.82;10.15;13.43;12.23;8.37;8.98
2023-08-12 00:00:00;6.82;2.79;6.63;6.82;10.15;13.43;12.23;8.37;8.98
2023-08-13 00:00:00;6.82;2.79;6.63;6.82;10.15;13.43;12.23;8.37;8.98
2023-08-14 00:00:00;6.82;2.8;6.57;6.82;10.08;13.43;12.23;8.05;8.94
2023-08-15 00:00:00;6.77;2.82;6.57;6.77;10.15;13.43;12.4;7.6;8.96
2023-08-16 00:00:00;6.72;2.79;6.52;6.72;10.08;13.43;12.4;7.6;8.95
2023-08-17 00:00:00;6.67;2.77;6.47;6.67;10.1;13.43;12.4;7.3;8.98
2023-08-18 00:00:00;6.62;2.74;6.42;6.62;10.07;13.43;12.4;7.37;8.95
2023-08-19 00:00:00;6.62;2.74;6.42;6.62;10.07;13.43;12.4;7.37;8.95
2023-08-20 00:00:00;6.62;2.74;6.42;6.62;10.07;13.43;12.4;7.37;8.95
2023-08-21 00:00:00;6.22;2.81;6.01;6.22;9.62;13.43;12.4;6.73;8.96
2023-08-22 00:00:00;6.22;2.8;5.96;6.22;9.92;13.43;12.4;6.63;8.9
2023-08-23 00:00:00;6.12;2.8;5.94;6.12;9.54;13.43;12.4;6.6;8.9
2023-08-24 00:00:00;6.12;2.79;5.86;6.12;9.74;13.43;12.4;6.4;8.88
2023-08-25 00:00:00;5.67;2.81;5.54;5.67;9.23;13.43;12.4;6.23;8.88
2023-08-26 00:00:00;5.67;2.81;5.54;5.67;9.23;13.43;12.4;6.23;8.88
2023-08-27 00:00:00;5.67;2.81;5.54;5.67;9.23;13.43;12.4;6.23;8.88
2023-08-28 00:00:00;5.57;2.79;5.21;5.57;9.19;13.43;12.4;5.4;8.89
2023-08-29 00:00:00;5.57;2.8;5.18;5.57;9.32;13.43;12.4;5.45;8.8
2023-08-30 00:00:00;5.73;2.8;5.45;5.73;9.21;13.43;12.4;5.87;8.85
2023-08-31 00:00:00;5.47;2.82;5.08;5.47;9.21;13.43;12.4;5.2;8.78
2023-09-01 00:00:00;5.47;2.81;5.08;5.47;9.16;13.43;12.23;5.37;8.75
2023-09-02 00:00:00;5.47;2.81;5.08;5.47;9.16;13.43;12.23;5.37;8.75
2023-09-03 00:00:00;5.47;2.81;5.08;5.47;9.16;13.43;12.23;5.37;8.75
2023-09-04 00:00:00;5.47;2.79;5.03;5.47;8.9;13.43;12.23;5.3;8.78
2023-09-05 00:00:00;5.37;2.79;4.99;5.37;9.03;13.43;12.23;5.4;8.75
2023-09-06 00:00:00;4.97;2.78;4.58;4.97;8.74;13.43;12.4;5.4;8.73
2023-09-07 00:00:00;4.67;2.79;4.28;4.67;8.93;13.43;12.4;5.3;8.73
2023-09-08 00:00:00;4.52;2.8;4.24;4.52;8.37;13.43;12.4;5.4;8.73
2023-09-09 00:00:00;4.52;2.8;4.24;4.52;8.37;13.43;12.4;5.4;8.73
2023-09-10 00:00:00;4.52;2.8;4.24;4.52;8.37;13.43;12.4;5.4;8.73
2023-09-11 00:00:00;4.42;2.74;4.12;4.42;8.28;13.43;12.4;5.3;8.73
2023-09-12 00:00:00;4.42;2.76;4.14;4.42;8.46;13.43;12.4;5.4;8.78
2023-09-13 00:00:00;5.02;2.74;4.74;5.02;8.62;13.43;12.4;5.3;8.75
2023-09-14 00:00:00;5.02;2.72;4.74;5.02;8.42;13.43;12.4;5.4;8.75
2023-09-15 00:00:00;5.02;2.72;4.74;5.02;8.52;13.43;12.4;5.4;8.73
2023-09-16 00:00:00;5.02;2.72;4.74;5.02;8.52;13.43;12.4;5.4;8.73
2023-09-17 00:00:00;5.02;2.72;4.74;5.02;8.52;13.43;12.4;5.4;8.73
2023-09-18 00:00:00;5.47;2.73;5.23;5.47;8.84;13.43;12.23;5.4;8.75
2023-09-19 00:00:00;5.47;2.75;5.21;5.47;8.66;13.43;12.23;5.23;8.7
2023-09-20 00:00:00;5.47;2.67;5.21;5.47;8.87;13.43;12.23;5.23;8.68
2023-09-21 00:00:00;5.47;2.8;5.05;5.47;8.74;13.43;12.23;5.23;8.68
2023-09-22 00:00:00;5.27;2.8;5;5.27;8.8;13.43;12.23;5.23;8.63
2023-09-23 00:00:00;5.27;2.8;5;5.27;8.8;13.43;12.23;5.23;8.63
2023-09-24 00:00:00;5.27;2.8;5;5.27;8.8;13.43;12.23;5.23;8.63
2023-09-25 00:00:00;4.67;2.79;4.42;4.67;8.41;13.43;12.23;5.23;8.67
2023-09-26 00:00:00;4.57;2.8;4.36;4.57;8.69;13.43;12.23;5.23;8.63
2023-09-27 00:00:00;4.52;2.79;4.35;4.52;8.31;13.43;12.23;5.23;8.63
2023-09-28 00:00:00;4.12;2.76;3.96;4.12;8.51;13.43;12.23;5.3;8.6
2023-09-29 00:00:00;4.12;2.77;3.96;4.12;7.89;13.43;12.23;5.3;8.59
2023-09-30 00:00:00;4.12;2.77;3.96;4.12;7.89;13.43;12.23;5.3;8.59
2023-10-01 00:00:00;4.12;2.77;3.96;4.12;7.89;13.43;12.23;5.3;8.59
2023-10-02 00:00:00;4.12;2.75;3.94;4.12;7.8;13.43;12.23;5.35;8.61
2023-10-03 00:00:00;4.12;2.73;3.95;4.12;8;13.43;12.23;5.23;8.45
2023-10-04 00:00:00;4.42;2.73;4.25;4.42;8.12;13.43;12.23;5.23;8.45
2023-10-05 00:00:00;4.72;2.77;4.55;4.72;7.94;13.43;12.23;5.4;8.43
2023-10-06 00:00:00;4.72;2.72;4.56;4.72;8.35;13.43;12.23;5.4;8.43
2023-10-07 00:00:00;4.72;2.72;4.56;4.72;8.35;13.43;12.23;5.4;8.43
2023-10-08 00:00:00;4.72;2.72;4.56;4.72;8.35;13.43;12.23;5.4;8.43
2023-10-09 00:00:00;4.5;2.74;4.33;4.5;8.23;13.43;12.23;5.31;8.44
2023-10-10 00:00:00;5.42;2.69;5.26;5.42;8.23;13.43;11.57;5.83;8.35
2023-10-11 00:00:00;5.42;2.7;5.26;5.42;8.92;13.43;11.57;6.13;8.23
2023-10-12 00:00:00;5.82;2.73;5.66;5.82;8.92;13.43;11.57;6.13;8.21
2023-10-13 00:00:00;5.82;2.71;5.65;5.82;9.25;13.43;11.57;6.25;8.2
2023-10-14 00:00:00;5.82;2.71;5.65;5.82;9.25;13.43;11.57;6.25;8.2
2023-10-15 00:00:00;5.82;2.71;5.65;5.82;9.25;13.43;11.57;6.25;8.2
2023-10-16 00:00:00;5.82;2.7;5.64;5.82;9.38;13.43;11.57;6.53;8.25
2023-10-17 00:00:00;5.82;2.7;5.64;5.82;9.12;13.43;11.57;6.45;8.18
2023-10-18 00:00:00;5.82;2.7;5.65;5.82;9.16;13.43;11.57;6.57;8.15
2023-10-19 00:00:00;5.82;2.71;5.65;5.82;9.26;13.43;11.57;6.57;8.15
2023-10-20 00:00:00;5.82;2.7;5.64;5.82;9.27;13.43;11.57;6.53;8.16
2023-10-21 00:00:00;5.82;2.7;5.64;5.82;9.27;13.43;11.57;6.53;8.16
2023-10-22 00:00:00;5.82;2.7;5.64;5.82;9.27;13.43;11.57;6.53;8.16
2023-10-23 00:00:00;5.82;2.7;5.64;5.82;9.19;13.43;11.57;6.57;8.16
2023-10-24 00:00:00;5.82;2.7;5.65;5.82;9.18;13.43;11.57;6.57;8
2023-10-25 00:00:00;5.82;2.71;5.64;5.82;9.16;13.43;11.57;6.6;7.95
2023-10-26 00:00:00;5.82;2.76;5.55;5.82;9.18;13.43;10.65;6.57;7.95
2023-10-27 00:00:00;5.32;2.72;5.15;5.32;8.9;13.43;10.65;6.57;7.95
2023-10-28 00:00:00;5.32;2.72;5.15;5.32;8.9;13.43;10.65;6.57;7.95
2023-10-29 00:00:00;5.32;2.72;5.15;5.32;8.9;13.43;10.65;6.57;7.95
2023-10-30 00:00:00;5.32;2.73;5.12;5.32;8.75;13.43;10.4;6.57;7.96
2023-10-31 00:00:00;5.72;2.73;5.53;5.72;8.75;13.43;10.4;6.57;7.95
2023-11-01 00:00:00;5.54;2.73;5.34;5.54;8.8;13.43;10.53;6.57;7.95
2023-11-02 00:00:00;5.72;2.73;5.52;5.72;8.8;13.43;10.4;6.57;7.6
2023-11-03 00:00:00;5.62;2.73;5.52;5.62;9.01;13.43;10.4;6.57;7.63
2023-11-04 00:00:00;5.62;2.73;5.52;5.62;9.01;13.43;10.4;6.57;7.63
2023-11-05 00:00:00;5.62;2.73;5.52;5.62;9.01;13.43;10.4;6.57;7.63
2023-11-06 00:00:00;5.62;2.72;5.52;5.62;9.01;13.43;9.9;6.23;7.61
2023-11-07 00:00:00;5.62;2.72;5.42;5.62;9.01;13.43;9.9;6.35;7.6
2023-11-08 00:00:00;5.62;2.71;5.41;5.62;8.89;13.43;9.4;6.35;7.6
2023-11-09 00:00:00;5.62;2.71;5.41;5.62;8.97;13.43;8.9;6.12;7.6
2023-11-10 00:00:00;5.62;2.69;5.41;5.62;9.04;13.43;8.9;6.23;7.6
2023-11-11 00:00:00;5.62;2.69;5.41;5.62;9.04;13.43;8.9;6.23;7.6
2023-11-12 00:00:00;5.62;2.69;5.41;5.62;9.04;13.43;8.9;6.23;7.6
2023-11-13 00:00:00;5.62;2.66;5.42;5.62;9.05;13.43;8.9;5.98;7.6
2023-11-14 00:00:00;5.62;2.71;5.4;5.62;8.99;13.43;8.9;5.73;7.63
2023-11-15 00:00:00;5.62;2.71;5.38;5.62;9.05;13.43;8.9;5.57;7.65
2023-11-16 00:00:00;5.82;2.7;5.56;5.82;9.05;13.43;8.9;5.57;7.65
2023-11-17 00:00:00;5.82;2.65;5.66;5.82;9.12;13.43;8.9;5.53;7.64
2023-11-18 00:00:00;5.82;2.65;5.66;5.82;9.12;13.43;8.9;5.53;7.64
2023-11-19 00:00:00;5.82;2.65;5.66;5.82;9.12;13.43;8.9;5.53;7.64
2023-11-20 00:00:00;5.82;2.62;5.66;5.82;9.12;13.43;8.9;5.4;7.64
2023-11-21 00:00:00;6.02;2.62;5.85;6.02;9.1;13.43;8.9;5.3;7.63
2023-11-22 00:00:00;6.02;2.58;5.85;6.02;9.47;13.43;7.9;5.4;7.6
2023-11-23 00:00:00;6.02;2.57;5.85;6.02;9.24;13.43;7.9;5.4;7.6
2023-11-24 00:00:00;6.32;2.62;6.16;6.32;9.82;13.43;7.9;5.23;7.58
2023-11-25 00:00:00;6.32;2.62;6.16;6.32;9.82;13.43;7.9;5.23;7.58
2023-11-26 00:00:00;6.32;2.62;6.16;6.32;9.82;13.43;7.9;5.23;7.58
2023-11-27 00:00:00;6.32;2.61;6.15;6.32;9.97;13.43;8.15;5.57;7.6
2023-11-28 00:00:00;6.32;2.63;6.15;6.32;9.75;13.43;7.9;5.57;7.55
2023-11-29 00:00:00;6.62;2.62;6.45;6.62;10.09;13.43;7.9;5.73;7.5
2023-11-30 00:00:00;6.62;2.64;6.45;6.62;9.96;13.43;7.9;5.73;7.48
2023-12-01 00:00:00;6.62;2.62;6.46;6.62;10.13;13.43;7.3;5.85;7.45
2023-12-02 00:00:00;6.62;2.62;6.46;6.62;10.13;13.43;7.3;5.85;7.45
2023-12-03 00:00:00;6.62;2.62;6.46;6.62;10.13;13.43;7.3;5.85;7.45
2023-12-04 00:00:00;6.62;2.6;6.44;6.62;9.92;13.43;7.75;6.4;7.5
2023-12-05 00:00:00;6.62;2.63;6.45;6.62;10.05;13.43;7.57;6.93;7.3
2023-12-06 00:00:00;7.02;2.62;6.84;7.02;10.5;13.43;7.37;7.78;7.28
2023-12-07 00:00:00;6.72;2.62;6.55;6.72;10.18;13.43;7.41;6.74;7.34
2023-12-08 00:00:00;6.75;2.62;6.58;6.75;10.21;13.43;7.47;7.04;7.29
2023-12-09 00:00:00;6.75;2.62;6.58;6.75;10.21;13.43;7.47;7.04;7.29
2023-12-10 00:00:00;6.75;2.62;6.58;6.75;10.21;13.43;7.47;7.04;7.29
2023-12-11 00:00:00;7.02;2.6;6.87;7.02;10.69;13.43;7.47;9.4;7.29
2023-12-12 00:00:00;7.02;2.61;6.87;7.02;10.69;13.43;7.37;9.4;6.7
2023-12-13 00:00:00;7.02;2.62;6.87;7.02;10.69;13.43;7.37;9.13;6.85
2023-12-14 00:00:00;7.02;2.61;6.87;7.02;10.69;13.43;7.37;9.31;6.77
2023-12-15 00:00:00;7.02;2.66;6.86;7.02;10.64;13.43;7.37;8.95;6.8
2023-12-16 00:00:00;7.02;2.66;6.86;7.02;10.64;13.43;7.37;8.95;6.8
2023-12-17 00:00:00;7.02;2.66;6.86;7.02;10.64;13.43;7.37;8.95;6.8
2023-12-18 00:00:00;6.87;2.63;7.02;6.87;10.64;13.43;7.4;8.95;6.73
2023-12-19 00:00:00;7.32;2.65;7.17;7.32;10.73;13.43;7.4;8.6;6.73
2023-12-20 00:00:00;7.32;2.63;7.18;7.32;11.18;13.43;7.4;8.6;6.68
2023-12-21 00:00:00;7.32;2.62;7.17;7.32;10.8;13.43;7.4;8.6;6.68
2023-12-22 00:00:00;7.32;2.62;7.19;7.32;10.85;13.43;7.4;8.4;6.53
2023-12-23 00:00:00;7.32;2.62;7.19;7.32;10.85;13.43;7.4;8.4;6.53
2023-12-24 00:00:00;7.32;2.62;7.19;7.32;10.85;13.43;7.4;8.4;6.53
2023-12-25 00:00:00;7.32;2.63;7.18;7.32;10.96;13.43;7.4;8.55;6.65
2023-12-26 00:00:00;7.32;2.62;7.18;7.32;11.18;13.43;7.4;8.53;6.63
2023-12-27 00:00:00;7.32;2.68;7.19;7.32;11.09;13.43;6.65;8.4;6.4
2023-12-28 00:00:00;7.32;2.7;7.19;7.32;11.09;13.43;6.65;8.4;6.4
2023-12-29 00:00:00;7.32;2.69;7.19;7.32;11.11;13.43;6.7;8.4;6.3
2023-12-30 00:00:00;7.32;2.69;7.19;7.32;11.11;13.43;6.7;8.4;6.3
2023-12-31 00:00:00;7.32;2.69;7.19;7.32;11.11;13.43;6.7;8.4;6.3
2024-01-01 00:00:00;7.32;2.69;7.19;7.32;11.1;13.43;6.67;8.4;6.37
2024-01-02 00:00:00;7.32;2.69;7.19;7.32;11.1;13.43;6.67;8.4;6.37
2024-01-03 00:00:00;7.42;2.68;7.18;7.42;10.33;13.43;6.75;8.4;6.2
2024-01-04 00:00:00;7.42;2.68;7.17;7.42;10.33;13.43;6.75;8.9;6.15
2024-01-05 00:00:00;7.42;2.66;7.18;7.42;10.88;13.43;6.75;8.43;6.13
2024-01-06 00:00:00;7.42;2.66;7.18;7.42;10.88;13.43;6.75;8.43;6.13
2024-01-07 00:00:00;7.42;2.66;7.18;7.42;10.88;13.43;6.75;8.43;6.13
2024-01-08 00:00:00;6.82;2.69;6.56;6.82;10.55;13.43;7.1;8.6;6.16
2024-01-09 00:00:00;6.82;2.69;6.56;6.82;10.52;13.43;6.84;8.6;6.2
2024-01-10 00:00:00;6.82;2.71;6.56;6.82;10.71;13.43;7.1;8.6;6.25
2024-01-11 00:00:00;6.82;2.71;6.57;6.82;10.71;13.43;7.1;8.6;6.25
2024-01-12 00:00:00;6.82;2.72;6.55;6.82;10.58;13.43;7.1;8.6;6.15
2024-01-13 00:00:00;6.82;2.72;6.55;6.82;10.58;13.43;7.1;8.6;6.15
2024-01-14 00:00:00;6.82;2.72;6.55;6.82;10.58;13.43;7.1;8.6;6.15
2024-01-15 00:00:00;6.42;2.72;6.12;6.42;10.09;13.43;8.5;8.6;6.21
2024-01-16 00:00:00;6.42;2.71;6.13;6.42;10.46;13.43;7.45;8.6;6.13
2024-01-17 00:00:00;6.42;2.71;6.14;6.42;10;13.43;8.5;8.77;6.08
2024-01-18 00:00:00;6.42;2.72;6.15;6.42;10.22;13.43;8.5;9.6;6.08
2024-01-19 00:00:00;6.42;2.72;6.14;6.42;10;13.43;8.5;9.23;6.05
2024-01-20 00:00:00;6.42;2.72;6.14;6.42;10;13.43;8.5;9.23;6.05
2024-01-21 00:00:00;6.42;2.72;6.14;6.42;10;13.43;8.5;9.23;6.05
2024-01-22 00:00:00;6.42;2.71;6.12;6.42;9.94;13.43;8.6;9.23;6.08
2024-01-23 00:00:00;6.32;2.66;6.12;6.32;9.98;13.43;8.53;9.27;6.05
2024-01-24 00:00:00;6.32;2.68;6.11;6.32;9.92;13.43;8.6;9.25;6.05
2024-01-25 00:00:00;6.32;2.65;6.1;6.32;9.95;13.43;8.6;9.25;6.05
2024-01-26 00:00:00;6.32;2.64;6.09;6.32;9.95;13.43;8.6;9.35;6.05
2024-01-27 00:00:00;6.32;2.64;6.09;6.32;9.95;13.43;8.6;9.35;6.05
2024-01-28 00:00:00;6.32;2.64;6.09;6.32;9.95;13.43;8.6;9.35;6.05
2024-01-29 00:00:00;6.62;2.6;6.38;6.62;10.2;13.43;8.6;8.9;6.05
2024-01-30 00:00:00;6.62;2.59;6.39;6.62;10.02;13.43;8.6;8.9;6.15
2024-01-31 00:00:00;6.62;2.61;6.39;6.62;10.24;13.43;8.6;8.9;6.2
2024-02-01 00:00:00;6.62;2.63;6.4;6.62;10.13;13.43;8.6;8.9;6.2
2024-02-02 00:00:00;6.62;2.64;6.4;6.62;10.15;13.43;8.6;8.77;6.2
2024-02-03 00:00:00;6.62;2.64;6.4;6.62;10.15;13.43;8.6;8.77;6.2
2024-02-04 00:00:00;6.62;2.64;6.4;6.62;10.15;13.43;8.6;8.77;6.2
2024-02-05 00:00:00;6.92;2.62;6.68;6.92;10.52;13.43;8.6;8.6;6.19
2024-02-06 00:00:00;6.92;2.6;6.68;6.92;10.3;13.43;8.6;8.4;6.5
2024-02-07 00:00:00;6.92;2.63;6.69;6.92;10.55;13.43;8.6;8.4;6.6
2024-02-08 00:00:00;6.92;2.59;6.68;6.92;10.41;13.43;8.6;8.4;6.7
2024-02-09 00:00:00;6.92;2.55;6.67;6.92;10.6;13.43;8.6;8;6.78
2024-02-10 00:00:00;6.92;2.55;6.67;6.92;10.6;13.43;8.6;8;6.78
2024-02-11 00:00:00;6.92;2.55;6.67;6.92;10.6;13.43;8.6;8;6.78
2024-02-12 00:00:00;7.22;2.55;6.97;7.22;11.08;13.43;8.6;8.03;7.05
2024-02-13 00:00:00;7.22;2.53;6.98;7.22;10.74;13.43;8.6;8.15;7.25
2024-02-14 00:00:00;7.22;2.53;6.98;7.22;11.16;13.43;8.6;8.03;7.3
2024-02-15 00:00:00;7.22;2.56;6.99;7.22;10.95;13.43;8.6;8.15;7.3
2024-02-16 00:00:00;7.22;2.55;7;7.22;11.13;13.43;8.6;7.75;7.3
2024-02-17 00:00:00;7.22;2.55;7;7.22;11.13;13.43;8.6;7.75;7.3
2024-02-18 00:00:00;7.22;2.55;7;7.22;11.13;13.43;8.6;7.75;7.3
2024-02-19 00:00:00;7.22;2.54;6.99;7.22;11.14;13.43;8.6;8.02;7.29
2024-02-20 00:00:00;7.52;2.48;7.21;7.52;11.14;13.43;9.3;7.9;7.35
2024-02-21 00:00:00;7.52;2.47;7.22;7.52;11.53;13.43;9.3;8.15;7.38
2024-02-22 00:00:00;7.52;2.43;7.22;7.52;11.33;13.43;9.3;8.15;7.4
2024-02-23 00:00:00;7.52;2.48;7.22;7.52;11.85;13.43;9.3;8.27;7.45
2024-02-24 00:00:00;7.52;2.48;7.22;7.52;11.85;13.43;9.3;8.27;7.45
2024-02-25 00:00:00;7.52;2.48;7.22;7.52;11.85;13.43;9.3;8.27;7.45
2024-02-26 00:00:00;7.72;2.5;7.42;7.72;12.17;13.43;9.65;8.27;7.39
2024-02-27 00:00:00;7.75;2.5;7.43;7.75;11.85;13.43;9.65;8.27;7.75
2024-02-28 00:00:00;7.75;2.51;7.43;7.75;12.21;13.43;9.65;8.27;7.8
2024-02-29 00:00:00;7.75;2.49;7.42;7.75;12.08;13.43;9.65;8.27;7.93
2024-03-01 00:00:00;7.75;2.55;7.43;7.75;12.19;13.43;9.65;8.15;7.93
2024-03-02 00:00:00;7.75;2.55;7.43;7.75;12.19;13.43;9.65;8.15;7.93
2024-03-03 00:00:00;7.75;2.55;7.43;7.75;12.19;13.43;9.65;8.15;7.93
2024-03-04 00:00:00;7.75;2.56;7.44;7.75;12.19;13.43;11;8.27;7.85
2024-03-05 00:00:00;7.85;2.52;7.43;7.85;12.2;13.43;11;8.27;8.08
2024-03-06 00:00:00;7.85;2.54;7.42;7.85;12.25;13.43;11;8.27;8.13
2024-03-07 00:00:00;7.85;2.55;7.42;7.85;12.22;13.43;11;8.27;8.2
2024-03-08 00:00:00;7.85;2.53;7.41;7.85;12.17;13.43;11;8.27;8.25
2024-03-09 00:00:00;7.85;2.53;7.41;7.85;12.17;13.43;11;8.27;8.25
2024-03-10 00:00:00;7.85;2.53;7.41;7.85;12.17;13.43;11;8.27;8.25
2024-03-11 00:00:00;7.85;2.56;7.42;7.85;12.18;13.43;11;8.27;8.3
2024-03-12 00:00:00;7.85;2.63;7.41;7.85;12.2;13.43;12;8.03;8.38
2024-03-13 00:00:00;7.85;2.69;7.41;7.85;12.11;13.43;12.1;8.03;8.39
2024-03-14 00:00:00;7.85;2.65;7.42;7.85;12.15;13.43;12.1;8.03;8.43
2024-03-15 00:00:00;7.85;2.63;7.42;7.85;12.08;13.43;12.1;7.9;8.44
2024-03-16 00:00:00;7.85;2.63;7.42;7.85;12.08;13.43;12.1;7.9;8.44
2024-03-17 00:00:00;7.85;2.63;7.42;7.85;12.08;13.43;12.1;7.9;8.44
2024-03-18 00:00:00;7.8;2.6;7.41;7.8;12.01;13.43;12.1;8.15;8.5
2024-03-19 00:00:00;7.8;2.58;7.41;7.8;12.01;13.43;12.1;8.03;8.5
2024-03-20 00:00:00;7.8;2.62;7.41;7.8;11.9;13.43;12.1;7.77;8.5
2024-03-21 00:00:00;7.8;2.61;7.41;7.8;12;13.43;12.1;7.88;8.48
2024-03-22 00:00:00;7.7;2.6;7.37;7.7;11.97;13.43;12.1;7.77;8.49
2024-03-23 00:00:00;7.7;2.6;7.37;7.7;11.97;13.43;12.1;7.77;8.49
2024-03-24 00:00:00;7.7;2.6;7.37;7.7;11.97;13.43;12.1;7.77;8.49
2024-03-25 00:00:00;7.1;2.6;6.84;7.1;11.96;13.43;11.35;7.9;8.49
2024-03-26 00:00:00;7.1;2.55;6.83;7.1;11.9;13.43;11.35;7.77;8.43
2024-03-27 00:00:00;7.42;2.59;7.11;7.42;11.91;13.43;11.72;7.83;8.45
2024-03-28 00:00:00;7.3;2.58;7.01;7.3;11.93;13.43;11.6;7.81;8.43
2024-03-29 00:00:00;7.1;2.57;6.83;7.1;11.94;13.43;11.35;7.83;8.43
2024-03-30 00:00:00;7.1;2.57;6.83;7.1;11.94;13.43;11.35;7.83;8.43
2024-03-31 00:00:00;7.1;2.57;6.83;7.1;11.94;13.43;11.35;7.83;8.43
2024-04-01 00:00:00;7;2.63;6.71;7;11.95;13.43;11.35;7.75;8.43
2024-04-02 00:00:00;6.9;2.63;6.71;6.9;11.95;13.43;11.35;7.75;8.38
2024-04-03 00:00:00;6.9;2.69;6.71;6.9;10.96;13.43;11.35;8.15;8.38
2024-04-04 00:00:00;6.9;2.69;6.7;6.9;11.46;13.43;11.35;7.93;8.38
2024-04-05 00:00:00;6.9;2.66;6.65;6.9;10.87;13.43;11.35;7.93;8.44
2024-04-06 00:00:00;6.9;2.66;6.65;6.9;10.87;13.43;11.35;7.93;8.44
2024-04-07 00:00:00;6.9;2.66;6.65;6.9;10.87;13.43;11.35;7.93;8.44
2024-04-08 00:00:00;6.8;2.64;6.54;6.8;10.79;13.43;12.35;8.03;8.39
2024-04-09 00:00:00;6.75;2.65;6.5;6.75;10.87;13.43;12.35;8.03;8.44
2024-04-10 00:00:00;6.7;2.67;6.45;6.7;10.72;13.43;12.35;8.65;8.63
2024-04-11 00:00:00;6.65;2.66;6.4;6.65;10.79;13.43;12.35;8.43;8.74
2024-04-12 00:00:00;6.2;2.67;5.96;6.2;10.22;13.43;12.35;8.93;8.85
2024-04-13 00:00:00;6.2;2.67;5.96;6.2;10.22;13.43;12.35;8.93;8.85
2024-04-14 00:00:00;6.2;2.67;5.96;6.2;10.22;13.43;12.35;8.93;8.85
2024-04-15 00:00:00;5.65;2.69;5.43;5.65;10.47;13.43;11.1;9;8.66
2024-04-16 00:00:00;5.65;2.67;5.43;5.65;10.47;13.43;11.1;9.33;9
2024-04-17 00:00:00;5.65;2.7;5.36;5.65;9.59;13.43;11.1;9.77;9.04
2024-04-18 00:00:00;5.6;2.67;5.36;5.6;9.91;13.43;11.1;10.15;9.04
2024-04-19 00:00:00;5.6;2.68;5.33;5.6;9.46;13.43;11.1;9.7;9.04
2024-04-20 00:00:00;5.6;2.68;5.33;5.6;9.46;13.43;11.1;9.7;9.04
2024-04-21 00:00:00;5.6;2.68;5.33;5.6;9.46;13.43;11.1;9.7;9.04
2024-04-22 00:00:00;5.5;2.68;5.23;5.5;9.26;13.43;10.35;9.77;9.03
2024-04-23 00:00:00;5.45;2.66;5.22;5.45;9.44;13.43;10.35;9.36;9
2024-04-24 00:00:00;5.45;2.67;5.22;5.45;9.36;13.43;10.35;9.6;8.99
2024-04-25 00:00:00;5.45;2.65;5.21;5.45;9.36;13.43;10.35;8.6;8.88
2024-04-26 00:00:00;5.4;2.69;5.18;5.4;9.13;13.43;10.35;8.78;8.85
2024-04-27 00:00:00;5.4;2.69;5.18;5.4;9.13;13.43;10.35;8.78;8.85
2024-04-28 00:00:00;5.4;2.69;5.18;5.4;9.13;13.43;10.35;8.78;8.85
2024-04-29 00:00:00;5.9;2.66;5.68;5.9;9.69;13.43;10.65;7.88;8.93
2024-04-30 00:00:00;5.9;2.64;5.68;5.9;9.41;13.43;10.65;7.77;8.78
2024-05-01 00:00:00;5.66;2.66;5.44;5.66;9.41;13.43;10.5;8.26;8.84
2024-05-02 00:00:00;6.3;2.62;6.08;6.3;9.41;13.43;10.65;8;8.81
2024-05-03 00:00:00;6.3;2.63;6.08;6.3;9.97;13.43;10.65;8.03;8.58
2024-05-04 00:00:00;6.3;2.63;6.08;6.3;9.97;13.43;10.65;8.03;8.58
2024-05-05 00:00:00;6.3;2.63;6.08;6.3;9.97;13.43;10.65;8.03;8.58
2024-05-06 00:00:00;6.3;2.63;6.09;6.3;9.97;13.43;10.35;7.43;8.68
2024-05-07 00:00:00;6.3;2.66;6.09;6.3;9.97;13.43;10.35;7.67;8.58
2024-05-08 00:00:00;6.6;2.64;6.4;6.6;10.31;13.43;10.35;7.33;8.58
2024-05-09 00:00:00;6.6;2.64;6.4;6.6;10.08;13.43;10.35;7.6;8.58
2024-05-10 00:00:00;6.9;2.68;6.7;6.9;10.58;13.43;10.35;7.5;8.58
2024-05-11 00:00:00;6.9;2.68;6.7;6.9;10.58;13.43;10.35;7.5;8.58
2024-05-12 00:00:00;6.9;2.68;6.7;6.9;10.58;13.43;10.35;7.5;8.58
2024-05-13 00:00:00;6.9;2.64;6.69;6.9;10.58;13.43;10.15;7.4;8.5
2024-05-14 00:00:00;6.9;2.67;6.69;6.9;10.64;13.43;10.15;7.33;8.48
2024-05-15 00:00:00;6.9;2.68;6.69;6.9;10.54;13.43;10.15;7.4;8.45
2024-05-16 00:00:00;6.9;2.68;6.69;6.9;10.54;13.43;10.15;7.4;8.45
2024-05-17 00:00:00;6.4;2.71;6.15;6.4;10.54;13.43;10.15;7;8.4
2024-05-18 00:00:00;6.4;2.71;6.15;6.4;10.54;13.43;10.15;7;8.4
2024-05-19 00:00:00;6.4;2.71;6.15;6.4;10.54;13.43;10.15;7;8.4
2024-05-20 00:00:00;6.3;2.69;6.11;6.3;10.09;13.43;10.35;7.03;8.45
2024-05-21 00:00:00;6.3;2.7;6.05;6.3;10.43;13.43;10.35;7.03;8.3
2024-05-22 00:00:00;6.2;2.7;5.97;6.2;9.99;13.43;10.35;7.08;8.2
2024-05-23 00:00:00;6.1;2.74;5.88;6.1;10.21;13.43;10.35;7.08;8.18
2024-05-24 00:00:00;6;2.76;5.81;6;9.92;13.43;10.35;7.08;8.08
2024-05-25 00:00:00;6;2.76;5.81;6;9.92;13.43;10.35;7.08;8.08
2024-05-26 00:00:00;6;2.76;5.81;6;9.92;13.43;10.35;7.08;8.08
2024-05-27 00:00:00;5.6;2.76;5.27;5.6;9.42;13.43;9.4;7;8.19
2024-05-28 00:00:00;5.5;2.75;5.26;5.5;9.78;13.43;9.4;7.08;8.15
2024-05-29 00:00:00;5.5;2.8;5.17;5.5;9.23;13.43;9.4;7.27;8.13
2024-05-30 00:00:00;5.4;2.77;5.08;5.4;9.52;13.43;9.4;7.1;8.28
2024-05-31 00:00:00;5.3;2.75;5.06;5.3;9.18;13.43;9.4;7.45;8.25
2024-06-01 00:00:00;5.3;2.75;5.06;5.3;9.18;13.43;9.4;7.45;8.25
2024-06-02 00:00:00;5.3;2.75;5.06;5.3;9.18;13.43;9.4;7.45;8.25
2024-06-03 00:00:00;5.2;2.7;4.97;5.2;9.12;13.43;9.3;8.38;8.28
2024-06-04 00:00:00;5.1;2.65;4.93;5.1;9.18;13.43;9.3;8.5;8.45
2024-06-05 00:00:00;5.1;2.68;4.91;5.1;9.15;13.43;9.3;8.4;8.53
2024-06-06 00:00:00;5.1;2.75;4.91;5.1;9.15;13.43;9.3;8.4;8.53
2024-06-07 00:00:00;5.12;2.7;4.93;5.12;9.14;13.43;9.3;8.42;8.45
2024-06-08 00:00:00;5.12;2.7;4.93;5.12;9.14;13.43;9.3;8.42;8.45
2024-06-09 00:00:00;5.12;2.7;4.93;5.12;9.14;13.43;9.3;8.42;8.45
2024-06-10 00:00:00;5.7;2.69;5.5;5.7;9.53;13.43;10.4;9.8;8.5
2024-06-11 00:00:00;5.7;2.71;5.5;5.7;9.28;13.43;10.4;10.25;8.85
2024-06-12 00:00:00;5.7;2.76;5.47;5.7;9.53;13.43;10.4;10.25;8.8
2024-06-13 00:00:00;5.6;2.87;5.42;5.6;9.53;13.43;10.4;9.93;8.8
2024-06-14 00:00:00;5.6;2.75;5.37;5.6;9.54;13.43;10.55;10.67;8.8
2024-06-15 00:00:00;5.6;2.75;5.37;5.6;9.54;13.43;10.55;10.67;8.8
2024-06-16 00:00:00;5.6;2.75;5.37;5.6;9.54;13.43;10.55;10.67;8.8
2024-06-17 00:00:00;5.5;2.68;5.29;5.5;9.43;13.43;10.55;11.1;8.81
2024-06-18 00:00:00;5.5;2.7;5.28;5.5;9.5;13.43;10.55;10.73;8.75
2024-06-19 00:00:00;5.4;2.71;5.27;5.4;9.44;13.43;10.55;10.73;8.73
2024-06-20 00:00:00;5.4;2.71;5.17;5.4;9.47;13.43;10.55;10.73;8.75
2024-06-21 00:00:00;5.3;2.69;5.17;5.3;9.36;13.43;10.55;10.68;8.75
2024-06-22 00:00:00;5.3;2.69;5.17;5.3;9.36;13.43;10.55;10.68;8.75
2024-06-23 00:00:00;5.3;2.69;5.17;5.3;9.36;13.43;10.55;10.68;8.75
2024-06-24 00:00:00;5.3;2.7;5.17;5.3;9.28;13.43;10.55;10.83;8.75
2024-06-25 00:00:00;5.3;2.72;5.17;5.3;9.36;13.43;10.55;10.95;8.45
2024-06-26 00:00:00;5.3;2.7;5.1;5.3;9.25;13.43;10.55;10.93;8.4
2024-06-27 00:00:00;5.2;2.72;5.09;5.2;9.3;13.43;10.55;11;8.35
2024-06-28 00:00:00;5.7;2.75;5.58;5.7;9.6;13.43;10.55;11.25;8.23
2024-06-29 00:00:00;5.7;2.75;5.58;5.7;9.6;13.43;10.55;11.25;8.23
2024-06-30 00:00:00;5.7;2.75;5.58;5.7;9.6;13.43;10.55;11.25;8.23
2024-07-01 00:00:00;5.7;2.68;5.51;5.7;9.59;13.43;9.7;10.67;8.36
2024-07-02 00:00:00;5.7;2.7;5.45;5.7;9.48;13.43;9.7;11.25;8.28
2024-07-03 00:00:00;5.65;2.73;5.44;5.65;9.47;13.43;9.7;11;8.33
2024-07-04 00:00:00;5.65;2.73;5.41;5.65;9.55;13.43;9.7;11;8.33
2024-07-05 00:00:00;5.6;2.7;5.41;5.6;9.49;13.43;9.7;11;8.33
2024-07-06 00:00:00;5.6;2.7;5.41;5.6;9.49;13.43;9.7;11;8.33
2024-07-07 00:00:00;5.6;2.7;5.41;5.6;9.49;13.43;9.7;11;8.33
2024-07-08 00:00:00;5.6;2.73;5.4;5.6;9.43;13.43;9.55;11;8.32
2024-07-09 00:00:00;5.6;2.74;5.38;5.6;9.46;13.43;9.55;11;8.43
2024-07-10 00:00:00;5.6;2.78;5.36;5.6;9.39;13.43;9.55;11;8.43
2024-07-11 00:00:00;5.5;2.75;5.35;5.5;9.44;13.43;9.55;10.77;8.4
2024-07-12 00:00:00;6;2.69;5.81;6;9.82;13.43;9.55;10.17;8.4
2024-07-13 00:00:00;6;2.69;5.81;6;9.82;13.43;9.55;10.17;8.4
2024-07-14 00:00:00;6;2.69;5.81;6;9.82;13.43;9.55;10.17;8.4
2024-07-15 00:00:00;6;2.68;5.81;6;9.66;13.43;9.55;10.75;8.41
2024-07-16 00:00:00;6.3;2.65;6.11;6.3;9.62;13.43;9.55;10.75;8.35
2024-07-17 00:00:00;6.3;2.66;6.11;6.3;9.92;13.43;9.55;10.5;8.25
2024-07-18 00:00:00;6.7;2.68;6.51;6.7;9.8;13.43;9.55;10.25;8.18
2024-07-19 00:00:00;6.7;2.61;6.5;6.7;10.34;13.43;9.55;10.25;8.15
2024-07-20 00:00:00;6.7;2.61;6.5;6.7;10.34;13.43;9.55;10.25;8.15
2024-07-21 00:00:00;6.7;2.61;6.5;6.7;10.34;13.43;9.55;10.25;8.15
2024-07-22 00:00:00;6.7;2.71;6.5;6.7;10.34;13.43;9.4;9.9;8.23
2024-07-23 00:00:00;6.6;2.67;6.41;6.6;10.2;13.43;9.51;10.23;8.19
2024-07-24 00:00:00;6.7;2.66;6.49;6.7;10.35;13.43;9.4;10.23;8.08
2024-07-25 00:00:00;6.7;2.67;6.49;6.7;10.34;13.43;9.4;10.23;8.05
2024-07-26 00:00:00;6.7;2.68;6.49;6.7;10.34;13.43;9.4;10.12;8.07
2024-07-27 00:00:00;6.7;2.68;6.49;6.7;10.34;13.43;9.4;10.12;8.07
2024-07-28 00:00:00;6.7;2.68;6.49;6.7;10.34;13.43;9.4;10.12;8.07
2024-07-29 00:00:00;6.7;2.67;6.49;6.7;10.35;13.43;9.4;10.23;8.07
2024-07-30 00:00:00;6.7;2.74;6.5;6.7;10.35;13.43;9.9;10.23;7.88
2024-07-31 00:00:00;6.7;2.71;6.49;6.7;10.27;13.43;9.9;10.23;7.95
2024-08-01 00:00:00;6.7;2.69;6.43;6.7;10.27;13.43;9.9;10.23;8.03
2024-08-02 00:00:00;6.7;2.68;6.44;6.7;10.27;13.43;9.9;10.23;8.03
2024-08-03 00:00:00;6.7;2.68;6.44;6.7;10.27;13.43;9.9;10.23;8.03
2024-08-04 00:00:00;6.7;2.68;6.44;6.7;10.27;13.43;9.9;10.23;8.03
2024-08-05 00:00:00;6.7;2.63;6.42;6.7;10.33;13.43;9.9;12.6;8.03
2024-08-06 00:00:00;6.7;2.68;6.45;6.7;10.29;13.43;9.9;10.82;8.01
2024-08-07 00:00:00;6.7;2.65;6.43;6.7;10.33;13.43;9.9;12.6;8.13
2024-08-08 00:00:00;6.7;2.66;6.42;6.7;10.31;13.43;9.9;12.65;8.13
2024-08-09 00:00:00;6.7;2.67;6.44;6.7;10.25;13.43;9.9;12.65;8.13
2024-08-10 00:00:00;6.7;2.67;6.44;6.7;10.25;13.43;9.9;12.65;8.13
2024-08-11 00:00:00;6.7;2.67;6.44;6.7;10.25;13.43;9.9;12.65;8.13
2024-08-12 00:00:00;6.7;2.64;6.46;6.7;10.17;13.43;10.9;12.9;8.13
2024-08-13 00:00:00;6.7;2.68;6.46;6.7;10.25;13.43;10.9;13.25;8.13
2024-08-14 00:00:00;6.7;2.63;6.45;6.7;10.2;13.43;10.9;13.5;8.08
2024-08-15 00:00:00;7;2.62;6.75;7;10.21;13.43;10.9;12.63;8
2024-08-16 00:00:00;7;2.64;6.76;7;10.59;13.43;10.9;13.5;7.95
2024-08-17 00:00:00;7;2.64;6.76;7;10.59;13.43;10.9;13.5;7.95
2024-08-18 00:00:00;7;2.64;6.76;7;10.59;13.43;10.9;13.5;7.95
2024-08-19 00:00:00;7;2.66;6.77;7;10.64;13.43;10.6;14;7.88
2024-08-20 00:00:00;7;2.66;6.76;7;10.48;13.43;10.6;13.75;7.68
2024-08-21 00:00:00;7;2.65;6.76;7;10.63;13.43;10.5;13.4;7.58
2024-08-22 00:00:00;7;2.69;6.76;7;10.62;13.43;10.5;13.6;7.5
2024-08-23 00:00:00;7;2.64;6.77;7;10.5;13.43;10.5;12.57;7.45
2024-08-24 00:00:00;7;2.64;6.77;7;10.5;13.43;10.5;12.57;7.45
2024-08-25 00:00:00;7;2.64;6.77;7;10.5;13.43;10.5;12.57;7.45
2024-08-26 00:00:00;7;2.68;6.77;7;10.49;13.43;10.5;12.75;7.2
2024-08-27 00:00:00;7;2.71;6.77;7;10.49;13.43;10.5;12.13;7.13
2024-08-28 00:00:00;7;2.66;6.77;7;10.47;13.43;10.5;12.23;7.15
2024-08-29 00:00:00;7.2;2.62;6.98;7.2;10.49;13.43;10.5;12.08;7.13
2024-08-30 00:00:00;7.05;2.67;6.82;7.05;10.48;13.43;10.5;12.3;7.15
2024-08-31 00:00:00;7.05;2.67;6.82;7.05;10.48;13.43;10.5;12.3;7.15
2024-09-01 00:00:00;7.05;2.67;6.82;7.05;10.48;13.43;10.5;12.3;7.15
2024-09-02 00:00:00;7.2;2.66;6.98;7.2;10.72;13.43;9.7;11.2;7.14
2024-09-03 00:00:00;7.2;2.67;6.98;7.2;10.6;13.43;9.7;11.08;7.1
2024-09-04 00:00:00;7.2;2.64;6.99;7.2;10.99;13.43;9.7;11.27;7.1
2024-09-05 00:00:00;7.2;2.66;6.98;7.2;10.86;13.43;9.7;11.18;7.1
2024-09-06 00:00:00;7.2;2.66;6.99;7.2;10.87;13.43;9.7;10.15;7.1
2024-09-07 00:00:00;7.2;2.66;6.99;7.2;10.87;13.43;9.7;10.15;7.1
2024-09-08 00:00:00;7.2;2.66;6.99;7.2;10.87;13.43;9.7;10.15;7.1
2024-09-09 00:00:00;7.2;2.71;6.99;7.2;10.8;13.43;9.9;9.27;7.1
2024-09-10 00:00:00;7.2;2.71;6.99;7.2;10.89;13.43;9.9;9.15;6.98
2024-09-11 00:00:00;7.2;2.7;6.99;7.2;10.81;13.43;9.9;9.27;6.95
2024-09-12 00:00:00;7.2;2.65;6.99;7.2;10.83;13.43;9.9;9.15;6.9
2024-09-13 00:00:00;7.2;2.63;6.99;7.2;10.9;13.43;9.9;8.15;6.73
2024-09-14 00:00:00;7.2;2.63;6.99;7.2;10.9;13.43;9.9;8.15;6.73
2024-09-15 00:00:00;7.2;2.63;6.99;7.2;10.9;13.43;9.9;8.15;6.73
2024-09-16 00:00:00;7.2;2.69;7;7.2;10.87;13.43;8.7;8.27;6.89
2024-09-17 00:00:00;7.2;2.69;7;7.2;10.86;13.43;8.7;8.15;6.65
2024-09-18 00:00:00;7.2;2.71;7;7.2;10.79;13.43;8.7;8.15;6.7
2024-09-19 00:00:00;7.2;2.74;6.99;7.2;10.79;13.43;8.7;8.15;6.65
2024-09-20 00:00:00;7.2;2.72;7;7.2;10.77;13.43;8.7;8.15;6.65
2024-09-21 00:00:00;7.2;2.72;7;7.2;10.77;13.43;8.7;8.15;6.65
2024-09-22 00:00:00;7.2;2.72;7;7.2;10.77;13.43;8.7;8.15;6.65
2024-09-23 00:00:00;7.2;2.68;7;7.2;10.86;13.43;8.1;8.1;6.66
2024-09-24 00:00:00;7.2;2.74;6.99;7.2;10.8;13.43;8.1;8.27;6.65
2024-09-25 00:00:00;7.2;2.75;6.99;7.2;10.76;13.43;8.35;8.15;6.55
2024-09-26 00:00:00;7.2;2.72;6.99;7.2;10.8;13.43;8.31;8.17;6.62
2024-09-27 00:00:00;7.2;2.67;6.99;7.2;10.73;13.43;8.35;8.2;6.53
2024-09-28 00:00:00;7.2;2.67;6.99;7.2;10.73;13.43;8.35;8.2;6.53
2024-09-29 00:00:00;7.2;2.67;6.99;7.2;10.73;13.43;8.35;8.2;6.53
2024-09-30 00:00:00;7.2;2.69;6.99;7.2;10.73;13.43;7.4;7.53;6.38
2024-10-01 00:00:00;7.2;2.7;6.99;7.2;10.74;13.43;7.4;7.4;6.28
2024-10-02 00:00:00;7.2;2.69;6.99;7.2;10.77;13.43;7.4;7.37;6.25
2024-10-03 00:00:00;7.2;2.67;6.99;7.2;10.74;13.43;7.4;7.43;6.23
2024-10-04 00:00:00;7.2;2.67;6.99;7.2;10.83;13.43;7.4;7.65;6.23
2024-10-05 00:00:00;7.2;2.67;6.99;7.2;10.83;13.43;7.4;7.65;6.23
2024-10-06 00:00:00;7.2;2.67;6.99;7.2;10.83;13.43;7.4;7.65;6.23
2024-10-07 00:00:00;7.2;2.68;6.99;7.2;10.8;13.43;7.4;7.46;6.25
2024-10-08 00:00:00;7.2;2.68;6.99;7.2;10.8;13.43;7.4;7.48;6.24
2024-10-09 00:00:00;7.2;2.74;6.99;7.2;10.74;13.43;7.2;7.65;6.28
2024-10-10 00:00:00;7.2;2.76;7;7.2;10.79;13.43;7.2;7.65;6.28
2024-10-11 00:00:00;7.2;2.75;6.99;7.2;10.99;13.43;7.2;7.77;6.25
2024-10-12 00:00:00;7.2;2.75;6.99;7.2;10.99;13.43;7.2;7.77;6.25
2024-10-13 00:00:00;7.2;2.75;6.99;7.2;10.99;13.43;7.2;7.77;6.25
2024-10-14 00:00:00;7.2;2.8;6.99;7.2;10.74;13.43;7.2;7.77;6.27
2024-10-15 00:00:00;7.2;2.82;6.99;7.2;10.82;13.43;7.2;7.77;6.18
2024-10-16 00:00:00;7.2;2.8;6.98;7.2;10.8;13.43;7.2;7.77;6.25
2024-10-17 00:00:00;7.2;2.81;6.98;7.2;10.84;13.43;7.2;7.9;6.25
2024-10-18 00:00:00;7.2;2.81;6.98;7.2;10.7;13.43;7.2;7.77;6.3
2024-10-19 00:00:00;7.2;2.81;6.98;7.2;10.7;13.43;7.2;7.77;6.3
2024-10-20 00:00:00;7.2;2.81;6.98;7.2;10.7;13.43;7.2;7.77;6.3
2024-10-21 00:00:00;7.2;2.77;6.98;7.2;10.72;13.43;7.2;7.77;6.24
2024-10-22 00:00:00;7.2;2.74;6.94;7.2;10.74;13.43;7.2;7.77;6.26
2024-10-23 00:00:00;7.15;2.77;6.93;7.15;11.09;13.43;7.2;7.77;6.26
2024-10-24 00:00:00;7.15;2.76;6.92;7.15;10.84;13.43;7.2;7.9;6.25
2024-10-25 00:00:00;7.15;2.74;6.94;7.15;10.65;13.43;7.2;7.9;6.25
2024-10-26 00:00:00;7.15;2.74;6.94;7.15;10.65;13.43;7.2;7.9;6.25
2024-10-27 00:00:00;7.15;2.74;6.94;7.15;10.65;13.43;7.2;7.9;6.25
2024-10-28 00:00:00;7.35;2.73;7.14;7.35;11.06;13.43;7.15;7.9;6.2
2024-10-29 00:00:00;7.35;2.72;7.13;7.35;10.93;13.43;7.15;7.75;6.2
2024-10-30 00:00:00;7.35;2.72;7.14;7.35;11.06;13.43;7.17;7.75;6.15
2024-10-31 00:00:00;7.35;2.7;7.14;7.35;10.92;13.43;7.15;7.77;6.15
2024-11-01 00:00:00;7.35;2.72;7.14;7.35;11.06;13.43;7.15;7.79;6.18
2024-11-02 00:00:00;7.35;2.72;7.14;7.35;11.06;13.43;7.15;7.79;6.18
2024-11-03 00:00:00;7.35;2.72;7.14;7.35;11.06;13.43;7.15;7.79;6.18
2024-11-04 00:00:00;7.35;2.7;7.15;7.35;11.02;13.43;7.15;7.43;6.03
2024-11-05 00:00:00;7.4;2.74;7.14;7.4;11.02;13.43;7.15;7.65;5.93
2024-11-06 00:00:00;7.4;2.72;7.15;7.4;11.16;13.43;7.15;7.5;5.9
2024-11-07 00:00:00;7.4;2.73;7.14;7.4;11.07;13.43;7.15;7.5;5.9
2024-11-08 00:00:00;7.4;2.7;7.14;7.4;11.05;13.43;7.15;7.25;5.88
2024-11-09 00:00:00;7.4;2.7;7.14;7.4;11.05;13.43;7.15;7.25;5.88
2024-11-10 00:00:00;7.4;2.7;7.14;7.4;11.05;13.43;7.15;7.25;5.88
2024-11-11 00:00:00;7.4;2.65;7.14;7.4;11.18;13.43;6.7;7.3;5.88
2024-11-12 00:00:00;7.4;2.68;7.14;7.4;11.13;13.43;6.7;7.2;5.8
2024-11-13 00:00:00;7.4;2.71;7.14;7.4;11.08;13.43;6.93;6.85;5.73
2024-11-14 00:00:00;7.4;2.69;7.14;7.4;11.1;13.43;6.85;7.15;5.82
2024-11-15 00:00:00;7.4;2.68;7.14;7.4;11.13;13.43;6.7;7.12;5.8
2024-11-16 00:00:00;7.4;2.68;7.14;7.4;11.13;13.43;6.7;7.12;5.8
2024-11-17 00:00:00;7.4;2.68;7.14;7.4;11.13;13.43;6.7;7.12;5.8
2024-11-18 00:00:00;7.4;2.64;7.14;7.4;11.07;13.43;5.7;6.77;5.65
2024-11-19 00:00:00;7.4;2.66;7.14;7.4;11.07;13.43;5.7;6.77;5.7
2024-11-20 00:00:00;7.4;2.68;7.14;7.4;11.02;13.43;5.7;6.77;5.73
2024-11-21 00:00:00;7.4;2.69;7.14;7.4;11.04;13.43;5.7;6.77;5.73
2024-11-22 00:00:00;7.4;2.71;7.15;7.4;11.11;13.43;5.7;6.77;5.83
2024-11-23 00:00:00;7.4;2.71;7.15;7.4;11.11;13.43;5.7;6.77;5.83
2024-11-24 00:00:00;7.4;2.71;7.15;7.4;11.11;13.43;5.7;6.77;5.83
2024-11-25 00:00:00;7.4;2.73;7.14;7.4;10.83;13.43;5.3;6.63;5.8
2024-11-26 00:00:00;7.6;2.67;7.34;7.6;10.99;13.43;5.3;6.63;5.78
2024-11-27 00:00:00;7.6;2.67;7.34;7.6;11.29;13.43;5.3;6.63;5.78
2024-11-28 00:00:00;7.6;2.72;7.34;7.6;11.08;13.43;5.3;6.48;5.78
2024-11-29 00:00:00;7.6;2.71;7.34;7.6;11.45;13.43;5.3;6.4;5.78
2024-11-30 00:00:00;7.6;2.71;7.34;7.6;11.45;13.43;5.3;6.4;5.78
2024-12-01 00:00:00;7.6;2.71;7.34;7.6;11.45;13.43;5.3;6.4;5.78
2024-12-02 00:00:00;7.6;2.76;7.34;7.6;11.4;13.43;5.4;6.27;5.78
2024-12-03 00:00:00;7.6;2.75;7.34;7.6;11.38;13.43;5.4;6.27;5.7
2024-12-04 00:00:00;7.6;2.74;7.34;7.6;11.34;13.43;5.4;6.15;5.73
2024-12-05 00:00:00;7.6;2.74;7.33;7.6;11.4;13.43;6.5;6.27;5.7
2024-12-06 00:00:00;7.6;2.75;7.34;7.6;11.37;13.43;5.67;6.24;5.73
2024-12-07 00:00:00;7.6;2.75;7.34;7.6;11.37;13.43;5.67;6.24;5.73
2024-12-08 00:00:00;7.6;2.75;7.34;7.6;11.37;13.43;5.67;6.24;5.73
2024-12-09 00:00:00;7.6;2.74;7.34;7.6;11.34;13.43;5.77;6.23;5.71
2024-12-10 00:00:00;7.6;2.78;7.29;7.6;11.34;13.43;6.6;5.77;5.7
2024-12-11 00:00:00;7.6;2.82;7.29;7.6;11.48;13.43;6.6;5.77;5.7
2024-12-12 00:00:00;7.6;2.83;7.29;7.6;11.48;13.43;6.6;5.77;5.7
2024-12-13 00:00:00;7.6;2.84;7.29;7.6;11.3;13.43;6.6;5.9;5.65
2024-12-14 00:00:00;7.6;2.84;7.29;7.6;11.3;13.43;6.6;5.9;5.65
2024-12-15 00:00:00;7.6;2.84;7.29;7.6;11.3;13.43;6.6;5.9;5.65
2024-12-16 00:00:00;7.6;2.91;7.26;7.6;11.38;13.43;6.7;5.93;5.48
2024-12-17 00:00:00;7.6;2.85;7.28;7.6;11.39;13.43;6.62;5.84;5.63
2024-12-18 00:00:00;7.1;2.89;6.75;7.1;11.03;13.43;6.7;5.9;5.38
2024-12-19 00:00:00;6.4;2.9;6.03;6.4;11.24;13.43;6.7;5.93;5.38
2024-12-20 00:00:00;6.4;2.84;5.96;6.4;10.49;13.43;6.7;5.9;5.15
2024-12-21 00:00:00;6.4;2.84;5.96;6.4;10.49;13.43;6.7;5.9;5.15
2024-12-22 00:00:00;6.4;2.84;5.96;6.4;10.49;13.43;6.7;5.9;5.15
2024-12-23 00:00:00;6.63;2.88;6.25;6.63;10.76;13.43;6.7;5.91;5.3
2024-12-24 00:00:00;6.63;2.88;6.25;6.63;10.76;13.43;6.7;5.91;5.3
2024-12-25 00:00:00;6.4;2.87;6;6.4;10.49;13.43;6.7;5.92;5.26
2024-12-26 00:00:00;6.4;2.87;5.96;6.4;10.49;13.43;6.7;5.9;4.8
2024-12-27 00:00:00;6.4;2.87;5.93;6.4;10.38;13.43;7.2;7;4.7
2024-12-28 00:00:00;6.4;2.87;5.93;6.4;10.38;13.43;7.2;7;4.7
2024-12-29 00:00:00;6.4;2.87;5.93;6.4;10.38;13.43;7.2;7;4.7
2024-12-30 00:00:00;5.7;2.85;5.32;5.7;9.85;13.43;7.2;8.1;4.75
2024-12-31 00:00:00;5.5;2.92;5.32;5.5;10.12;13.43;7.2;8.1;4.43
2025-01-01 00:00:00;6;2.88;5.52;6;10.12;13.43;7.2;8.1;4.64
2025-01-02 00:00:00;5.5;2.82;5.32;5.5;10.38;13.43;7.2;8.1;4.56
2025-01-03 00:00:00;5.5;2.81;5.32;5.5;10.11;13.43;7.2;8.1;4.4
2025-01-04 00:00:00;5.5;2.81;5.32;5.5;10.11;13.43;7.2;8.1;4.4
2025-01-05 00:00:00;5.5;2.81;5.32;5.5;10.11;13.43;7.2;8.1;4.4
2025-01-06 00:00:00;5.5;2.71;5.32;5.5;10.38;13.43;6.53;9.07;4.42
2025-01-07 00:00:00;5.5;2.77;5.24;5.5;10.38;13.43;6.53;9.07;4.43
2025-01-08 00:00:00;5.5;2.76;5.25;5.5;10.38;13.43;6.53;9.45;4.6
2025-01-09 00:00:00;5.5;2.78;5.18;5.5;10.13;13.43;6.7;9.77;4.63
2025-01-10 00:00:00;5.4;2.78;5.1;5.4;9.89;13.43;6.53;9.77;4.73
2025-01-11 00:00:00;5.4;2.78;5.1;5.4;9.89;13.43;6.53;9.77;4.73
2025-01-12 00:00:00;5.4;2.78;5.1;5.4;9.89;13.43;6.53;9.77;4.73
2025-01-13 00:00:00;5.3;2.78;5.02;5.3;9.64;13.43;7.4;9.77;4.6
2025-01-14 00:00:00;5.3;2.75;5.03;5.3;9.4;13.43;6.82;9.77;5.5
2025-01-15 00:00:00;5.3;2.76;4.96;5.3;9.15;13.43;6.96;9.58;5.55
2025-01-16 00:00:00;5.2;2.72;4.87;5.2;9.01;13.43;6.96;9.58;5.7
2025-01-17 00:00:00;5.1;2.69;4.77;5.1;8.98;13.43;7.4;9.5;5.8
2025-01-18 00:00:00;5.1;2.69;4.77;5.1;8.98;13.43;7.4;9.5;5.8
2025-01-19 00:00:00;5.1;2.69;4.77;5.1;8.98;13.43;7.4;9.5;5.8
2025-01-20 00:00:00;4.9;2.68;4.67;4.9;9.04;13.43;7.7;8.7;5.85
2025-01-21 00:00:00;4.67;2.69;4.9;4.67;9.04;13.43;7.55;8.7;5.85
2025-01-22 00:00:00;4.65;2.7;4.9;4.65;8.85;13.43;7.55;9.03;5.8
2025-01-23 00:00:00;4.9;2.73;4.62;4.9;8.85;13.43;7.55;8.93;5.78
2025-01-24 00:00:00;4.9;2.73;4.57;4.9;8.8;13.43;8.7;9;5.73
2025-01-25 00:00:00;4.9;2.73;4.57;4.9;8.8;13.43;8.7;9;5.73
2025-01-26 00:00:00;4.9;2.73;4.57;4.9;8.8;13.43;8.7;9;5.73
2025-01-27 00:00:00;4.75;2.76;4.51;4.75;8.79;13.43;8.7;8.1;5.79
2025-01-28 00:00:00;4.75;2.74;4.5;4.75;8.82;13.43;8.7;8.1;5.63
2025-01-29 00:00:00;4.75;2.79;4.46;4.75;8.71;13.43;8.7;8.1;5.55
2025-01-30 00:00:00;4.7;2.79;4.45;4.7;8.77;13.43;8.7;7.5;5.55
2025-01-31 00:00:00;4.7;2.83;4.46;4.7;8.69;13.43;8.7;7.9;5.55
2025-02-01 00:00:00;4.7;2.83;4.46;4.7;8.69;13.43;8.7;7.9;5.55
2025-02-02 00:00:00;4.7;2.83;4.46;4.7;8.69;13.43;8.7;7.9;5.55
2025-02-03 00:00:00;4.5;2.8;4.27;4.5;8.62;13.43;8.7;7.77;5.57
2025-02-04 00:00:00;4.5;2.81;4.26;4.5;8.67;13.43;8.7;7.75;5.63
2025-02-05 00:00:00;4.5;2.79;4.26;4.5;8.65;13.43;8.7;7.5;5.63
2025-02-06 00:00:00;4.5;2.83;4.11;4.5;8.65;13.43;8.7;7.75;5.63
2025-02-07 00:00:00;4.4;2.79;4.1;4.4;8.52;13.43;8;7.75;5.6
2025-02-08 00:00:00;4.4;2.79;4.1;4.4;8.52;13.43;8;7.75;5.6
2025-02-09 00:00:00;4.4;2.79;4.1;4.4;8.52;13.43;8;7.75;5.6
2025-02-10 00:00:00;4.4;2.82;3.72;4.4;8.43;13.43;8;8.05;5.62
2025-02-11 00:00:00;4.1;2.81;3.73;4.1;8.53;13.43;8;8.05;5.58
2025-02-12 00:00:00;4.1;2.79;3.64;4.1;8.27;13.43;8;8.15;5.58
2025-02-13 00:00:00;3.9;2.8;3.56;3.9;8.41;13.43;8;8.2;5.58
2025-02-14 00:00:00;4.9;2.77;4.56;4.9;8.93;13.43;8.2;8.58;5.58
2025-02-15 00:00:00;4.9;2.77;4.56;4.9;8.93;13.43;8.2;8.58;5.58
2025-02-16 00:00:00;4.9;2.77;4.56;4.9;8.93;13.43;8.2;8.58;5.58
2025-02-17 00:00:00;4.9;2.77;4.56;4.9;8.86;13.43;8.2;8;5.58
2025-02-18 00:00:00;4.9;2.75;4.55;4.9;8.69;13.43;8;8.77;5.55
2025-02-19 00:00:00;4.9;2.78;4.54;4.9;8.85;13.43;8;8.77;5.58
2025-02-20 00:00:00;5.5;2.78;5.15;5.5;8.88;13.43;8;8.77;5.58
2025-02-21 00:00:00;5.5;2.76;5.15;5.5;9.09;13.43;8;7.93;5.6
2025-02-22 00:00:00;5.5;2.76;5.15;5.5;9.09;13.43;8;7.93;5.6
2025-02-23 00:00:00;5.5;2.76;5.15;5.5;9.09;13.43;8;7.93;5.6
2025-02-24 00:00:00;5.5;2.78;5.14;5.5;9.13;13.43;8.5;7.93;5.58
2025-02-25 00:00:00;5.5;2.74;5.14;5.5;9.02;13.43;8.12;7.83;5.73
2025-02-26 00:00:00;5.5;2.76;5.14;5.5;9.11;13.43;8.17;7.93;6.08
2025-02-27 00:00:00;5.4;2.74;5.13;5.4;9.11;13.43;8.5;7.93;6.08
2025-02-28 00:00:00;5.4;2.72;5.46;5.4;9.35;13.43;9.5;7.93;6.15
2025-03-01 00:00:00;5.4;2.72;5.46;5.4;9.35;13.43;9.5;7.93;6.15
2025-03-02 00:00:00;5.4;2.72;5.46;5.4;9.35;13.43;9.5;7.93;6.15
2025-03-03 00:00:00;5.7;2.69;5.44;5.7;9.36;13.43;9.5;7.75;6.01
2025-03-04 00:00:00;5.7;2.7;5.44;5.7;9.27;13.43;9.17;8.1;6.38
2025-03-05 00:00:00;5.7;2.72;5.43;5.7;9.34;13.43;9.17;7.93;6.4
2025-03-06 00:00:00;5.7;2.71;5.4;5.7;9.35;13.43;9.5;7.93;6.6
2025-03-07 00:00:00;6.1;2.69;5.78;6.1;9.86;13.43;9.5;7.93;6.63
2025-03-08 00:00:00;6.1;2.69;5.78;6.1;9.86;13.43;9.5;7.93;6.63
2025-03-09 00:00:00;6.1;2.69;5.78;6.1;9.86;13.43;9.5;7.93;6.63
2025-03-10 00:00:00;6.3;2.66;6.07;6.3;10.06;13.43;9.5;7.93;6.5
2025-03-11 00:00:00;6.3;2.68;6.07;6.3;9.75;13.43;9.5;7.9;6.95
2025-03-12 00:00:00;6.3;2.66;6.03;6.3;10.11;13.43;9.5;7.77;7.05
2025-03-13 00:00:00;6.2;2.66;6.03;6.2;10.01;13.43;9.5;7.75;7.05
2025-03-14 00:00:00;6.2;2.65;5.96;6.2;10.18;13.43;10.6;7.75;7.23
2025-03-15 00:00:00;6.2;2.65;5.96;6.2;10.18;13.43;10.6;7.75;7.23
2025-03-16 00:00:00;6.2;2.65;5.96;6.2;10.18;13.43;10.6;7.75;7.23
2025-03-17 00:00:00;6.5;2.65;6.37;6.5;10.47;13.43;10.6;7.77;7.07
2025-03-18 00:00:00;6.5;2.64;6.38;6.5;10.25;13.43;10.6;7.77;7.68
2025-03-19 00:00:00;6.5;2.64;6.38;6.5;10.47;13.43;10.6;7.77;7.68
2025-03-20 00:00:00;6.5;2.64;6.35;6.5;10.37;13.43;10.6;7.58;7.68
2025-03-21 00:00:00;6.8;2.63;6.6;6.8;10.72;13.43;10.5;7.77;7.65
2025-03-22 00:00:00;6.8;2.63;6.6;6.8;10.72;13.43;10.5;7.77;7.65
2025-03-23 00:00:00;6.8;2.63;6.6;6.8;10.72;13.43;10.5;7.77;7.65
2025-03-24 00:00:00;6.8;2.67;6.59;6.8;10.76;13.43;10.5;7.5;7.67
2025-03-25 00:00:00;6.8;2.65;6.6;6.8;10.65;13.43;10.5;7.77;7.55
2025-03-26 00:00:00;6.8;2.64;6.6;6.8;10.78;13.43;10.5;7.77;7.55
2025-03-27 00:00:00;6.8;2.66;6.54;6.8;10.75;13.43;10.5;7.58;7.45
2025-03-28 00:00:00;6.7;2.64;6.48;6.7;10.79;13.43;11;7.58;7.43
2025-03-29 00:00:00;6.7;2.64;6.48;6.7;10.79;13.43;11;7.58;7.43
2025-03-30 00:00:00;6.7;2.64;6.48;6.7;10.79;13.43;11;7.58;7.43
2025-03-31 00:00:00;6.7;2.63;6.48;6.7;10.76;13.43;11;7.58;7.49
2025-04-01 00:00:00;6.7;2.64;6.42;6.7;10.78;13.43;11;7.77;7.3
2025-04-02 00:00:00;6.6;2.63;6.38;6.6;10.74;13.43;11;7.58;7.33
2025-04-03 00:00:00;6.55;2.63;6.37;6.55;10.76;13.43;11;7.58;7.28
2025-04-04 00:00:00;6.55;2.64;6.26;6.55;10.74;13.43;10.5;7.77;7.28
2025-04-05 00:00:00;6.55;2.64;6.26;6.55;10.74;13.43;10.5;7.77;7.28
2025-04-06 00:00:00;6.55;2.64;6.26;6.55;10.74;13.43;10.5;7.77;7.28
2025-04-07 00:00:00;6.45;2.65;6.18;6.45;10.58;13.43;10.5;7.77;7.3
2025-04-08 00:00:00;6.4;2.65;6.09;6.4;10.69;13.43;10.5;7.58;7.28
2025-04-09 00:00:00;6.3;2.67;6.06;6.3;10.48;13.43;10.5;7.58;7.23
2025-04-10 00:00:00;6.3;2.74;5.95;6.3;10.6;13.43;10.5;7.77;7.13
2025-04-11 00:00:00;6.2;2.7;5.86;6.2;10.35;13.43;10.5;7.77;7.1
2025-04-12 00:00:00;6.2;2.7;5.86;6.2;10.35;13.43;10.5;7.77;7.1
2025-04-13 00:00:00;6.2;2.7;5.86;6.2;10.35;13.43;10.5;7.77;7.1
2025-04-14 00:00:00;6.5;2.68;6.24;6.5;10.56;13.43;10.2;7.58;7.19
2025-04-15 00:00:00;6.5;2.68;6.21;6.5;10.56;13.43;10.4;7.58;6.9
2025-04-16 00:00:00;6.5;2.68;6.12;6.5;10.53;13.43;10.2;7.58;6.9
2025-04-17 00:00:00;6.42;2.69;6.11;6.42;10.5;13.43;10.3;7.63;6.97
2025-04-18 00:00:00;6.5;2.68;6.19;6.5;10.55;13.43;10.2;7.58;6.9
2025-04-19 00:00:00;6.5;2.68;6.19;6.5;10.55;13.43;10.2;7.58;6.9
2025-04-20 00:00:00;6.5;2.68;6.19;6.5;10.55;13.43;10.2;7.58;6.9
2025-04-21 00:00:00;6.3;2.7;5.96;6.3;10.37;13.43;10.2;8;6.9
2025-04-22 00:00:00;6.1;2.72;5.87;6.1;10.45;13.43;10.2;8.17;6.98
2025-04-23 00:00:00;6.5;2.74;6.3;6.5;10.59;13.43;10.2;8.17;6.95
2025-04-24 00:00:00;6.3;2.72;6.04;6.3;10.48;13.43;10.2;8.11;6.96
2025-04-25 00:00:00;6.3;2.73;6.11;6.3;10.4;13.43;10.2;8.7;6.95
2025-04-26 00:00:00;6.3;2.73;6.11;6.3;10.4;13.43;10.2;8.7;6.95
2025-04-27 00:00:00;6.3;2.73;6.11;6.3;10.4;13.43;10.2;8.7;6.95
2025-04-28 00:00:00;6.2;2.74;5.98;6.2;10.34;13.43;10;9.4;6.96
2025-04-29 00:00:00;6.25;2.73;5.97;6.25;10.44;13.43;10.1;9.4;7.38
2025-04-30 00:00:00;6.7;2.75;6.32;6.7;10.7;13.43;10.1;9.4;7.39
2025-05-01 00:00:00;6.36;2.74;6.1;6.36;10.48;13.43;10.1;9.23;7.24
2025-05-02 00:00:00;6.38;2.74;6.09;6.38;10.52;13.43;10;9.4;7.38
2025-05-03 00:00:00;6.38;2.74;6.09;6.38;10.52;13.43;10;9.4;7.38
2025-05-04 00:00:00;6.38;2.74;6.09;6.38;10.52;13.43;10;9.4;7.38
2025-05-05 00:00:00;6.5;2.71;6.15;6.5;10.59;13.43;9.8;9.77;7.38
2025-05-05 00:00:00;6.5;2.71;6.15;6.5;10.59;13.43;9.8;9.77;7.38
2025-05-06 00:00:00;6.4;2.71;6.07;6.4;10.64;13.43;9.8;9.77;7.15
2025-05-06 00:00:00;6.4;2.71;6.07;6.4;10.64;13.43;9.8;9.77;7.15
2025-05-07 00:00:00;6.3;2.67;5.98;6.3;10.46;13.43;9.8;10.27;7.08
2025-05-07 00:00:00;6.3;2.67;5.98;6.3;10.46;13.43;9.8;10.27;7.08
2025-05-08 00:00:00;6.2;2.71;5.91;6.2;10.46;13.43;9.8;10.27;6.98
2025-05-08 00:00:00;6.2;2.71;5.91;6.2;10.53;13.43;9.8;10.27;6.98
2025-05-09 00:00:00;6.7;2.71;6.42;6.7;10.59;13.43;9.8;10.27;6.95
2025-05-09 00:00:00;6.7;2.71;6.42;6.7;10.59;13.43;9.8;10.27;6.95
2025-05-10 00:00:00;6.7;2.71;6.42;6.7;10.59;13.43;9.8;10.27;6.95
2025-05-10 00:00:00;6.7;2.71;6.42;6.7;10.59;13.43;9.8;10.27;6.95
2025-05-11 00:00:00;6.7;2.71;6.42;6.7;10.59;13.43;9.8;10.27;6.95
2025-05-11 00:00:00;6.7;2.71;6.42;6.7;10.59;13.43;9.8;10.27;6.95
2025-05-12 00:00:00;6.6;2.72;6.4;6.6;10.59;13.43;9.8;10.4;7.04
2025-05-12 00:00:00;6.6;2.72;6.4;6.6;10.59;13.43;9.8;10.4;7.04
2025-05-13 00:00:00;6.6;2.74;6.29;6.6;10.55;13.43;9.8;10.27;6.8
2025-05-13 00:00:00;6.6;2.74;6.29;6.6;10.55;13.43;9.8;10.27;6.8
2025-05-14 00:00:00;6.5;2.77;6.19;6.5;10.52;13.43;9.8;10.27;6.78
2025-05-14 00:00:00;6.5;2.77;6.19;6.5;10.52;13.43;9.8;10.27;6.78
2025-05-15 00:00:00;6.4;2.77;6.1;6.4;10.52;13.43;9.8;10.27;6.78
2025-05-15 00:00:00;6.4;2.77;6.1;6.4;10.57;13.43;9.8;10.27;6.78
2025-05-16 00:00:00;6.4;2.81;6.09;6.4;10.55;13.43;9.13;10.27;6.68
2025-05-16 00:00:00;6.4;2.81;6.09;6.4;10.55;13.43;9.13;10.27;6.68
2025-05-17 00:00:00;6.4;2.81;6.09;6.4;10.55;13.43;9.13;10.27;6.68
2025-05-17 00:00:00;6.4;2.81;6.09;6.4;10.55;13.43;9.13;10.27;6.68
2025-05-18 00:00:00;6.4;2.81;6.09;6.4;10.55;13.43;9.13;10.27;6.68
2025-05-18 00:00:00;6.4;2.81;6.09;6.4;10.55;13.43;9.13;10.27;6.68
2025-05-19 00:00:00;5.9;2.78;5.6;5.9;10.31;13.43;9.13;9.13;6.68
2025-05-19 00:00:00;5.9;2.78;5.6;5.9;10.31;13.43;9.13;9.13;6.76
2025-05-20 00:00:00;5.8;2.79;5.52;5.8;10.31;13.43;9.13;10.15;6.43
2025-05-20 00:00:00;5.8;2.79;5.52;5.8;10.46;13.43;9.13;10.15;6.43
2025-05-21 00:00:00;5.7;2.78;5.41;5.7;10.06;13.43;9.13;10.15;6.3
2025-05-21 00:00:00;5.7;2.78;5.41;5.7;10.06;13.43;9.13;10.15;6.3
2025-05-22 00:00:00;5.6;2.69;5.25;5.6;10.31;13.43;9.13;10.15;6.18
2025-05-22 00:00:00;5.6;2.69;5.25;5.6;10.31;13.43;9.13;10.15;6.18
2025-05-23 00:00:00;5.4;2.74;4.95;5.4;9.77;13.43;9.13;9.93;6.2
2025-05-23 00:00:00;5.4;2.74;4.95;5.4;9.77;13.43;9.13;9.93;6.2
2025-05-24 00:00:00;5.4;2.74;4.95;5.4;9.77;13.43;9.13;9.93;6.2
2025-05-24 00:00:00;5.4;2.74;4.95;5.4;9.77;13.43;9.13;9.93;6.2
2025-05-25 00:00:00;5.4;2.74;4.95;5.4;9.77;13.43;9.13;9.93;6.2
2025-05-25 00:00:00;5.4;2.74;4.95;5.4;9.77;13.43;9.13;9.93;6.2
2025-05-26 00:00:00;5;2.73;4.86;5;9.33;13.43;9.13;10.15;6.2
2025-05-26 00:00:00;5;2.73;4.86;5;9.33;13.43;9.13;10.15;6.28
2025-05-27 00:00:00;5;2.72;4.85;5;9.72;13.43;9.13;10.15;6.45
2025-05-27 00:00:00;5;2.72;4.85;5;9.72;13.43;9.13;10.15;6.45
2025-05-28 00:00:00;5.6;2.73;5.46;5.6;9.66;13.43;9.13;10.3;6.45
2025-05-28 00:00:00;5.6;2.73;5.46;5.6;9.66;13.43;9.13;10.3;6.45
2025-05-29 00:00:00;6;2.74;5.8;6;9.59;13.43;9.13;9.9;6.45
2025-05-29 00:00:00;6;2.74;5.8;6;9.59;13.43;9.13;9.9;6.45
2025-05-30 00:00:00;6;2.7;5.78;6;9.94;13.43;8.3;9.9;6.48
2025-05-30 00:00:00;6;2.7;5.78;6;9.94;13.43;8.3;9.9;6.48
2025-05-31 00:00:00;6;2.7;5.78;6;9.94;13.43;8.3;9.9;6.48
2025-05-31 00:00:00;6;2.7;5.78;6;9.94;13.43;8.3;9.9;6.48
2025-06-01 00:00:00;6;2.7;5.78;6;9.94;13.43;8.3;9.9;6.48
2025-06-01 00:00:00;6;2.7;5.78;6;9.94;13.43;8.3;9.9;6.48
2025-06-02 00:00:00;6.3;2.69;6.08;6.3;10.19;13.43;8.3;9.9;6.46
2025-06-02 00:00:00;6.3;2.69;6.08;6.3;10.19;13.43;8.3;9.9;6.46
2025-06-03 00:00:00;6.3;2.74;6.07;6.3;9.93;13.43;8.3;9.9;6.45
2025-06-03 00:00:00;6.3;2.74;6.07;6.3;9.93;13.43;8.3;9.9;6.45
2025-06-04 00:00:00;6.3;2.72;6.06;6.3;10.31;13.43;8.3;9.9;6.43
2025-06-04 00:00:00;6.3;2.72;6.06;6.3;10.31;13.43;8.3;9.9;6.43
2025-06-05 00:00:00;6.3;2.75;6.05;6.3;10.15;13.43;8.3;9.9;6.43
2025-06-05 00:00:00;6.3;2.75;6.05;6.3;10.15;13.43;8.3;9.9;6.43
2025-06-06 00:00:00;6.3;2.75;5.95;6.3;10.29;13.43;8.4;9.9;6.23
2025-06-06 00:00:00;6.3;2.75;5.95;6.3;10.29;13.43;8.4;9.9;6.23
2025-06-07 00:00:00;6.3;2.75;5.95;6.3;10.29;13.43;8.4;9.9;6.23
2025-06-07 00:00:00;6.3;2.75;5.95;6.3;10.29;13.43;8.4;9.9;6.23
2025-06-08 00:00:00;6.3;2.75;5.95;6.3;10.29;13.43;8.4;9.9;6.23
2025-06-08 00:00:00;6.3;2.75;5.95;6.3;10.29;13.43;8.4;9.9;6.23
2025-06-09 00:00:00;6.2;2.72;5.9;6.2;10.25;13.43;8.4;10;6.23
2025-06-09 00:00:00;6.2;2.72;5.9;6.2;10.25;13.43;8.4;10;6.38
2025-06-10 00:00:00;6.15;2.73;5.87;6.15;10.25;13.43;8.4;10.15;6.25
2025-06-10 00:00:00;6.15;2.73;5.87;6.15;10.28;13.43;8.4;10.15;6.25
2025-06-11 00:00:00;6.1;2.76;5.88;6.1;10.15;13.43;8.4;10;6.43
2025-06-11 00:00:00;6.1;2.76;5.88;6.1;10.15;13.43;8.4;10;6.43
2025-06-12 00:00:00;6.1;2.77;5.79;6.1;10.23;13.43;8.4;10.15;6.43
2025-06-12 00:00:00;6.1;2.77;5.79;6.1;10.23;13.43;8.4;10.15;6.43
2025-06-13 00:00:00;6.5;2.78;6.29;6.5;10.38;13.43;8.4;10;6.43
2025-06-13 00:00:00;6.5;2.78;6.29;6.5;10.38;13.43;8.4;10;6.43
2025-06-14 00:00:00;6.5;2.78;6.29;6.5;10.38;13.43;8.4;10;6.43
2025-06-14 00:00:00;6.5;2.78;6.29;6.5;10.38;13.43;8.4;10;6.43
2025-06-15 00:00:00;6.5;2.78;6.29;6.5;10.38;13.43;8.4;10;6.43
2025-06-15 00:00:00;6.5;2.78;6.29;6.5;10.38;13.43;8.4;10;6.43
2025-06-16 00:00:00;6.5;2.81;6.27;6.5;10.38;13.43;9;10;6.38
2025-06-16 00:00:00;6.5;2.81;6.27;6.5;10.38;13.43;9;10;6.38
2025-06-17 00:00:00;6.5;2.81;6.19;6.5;10.3;13.43;9;10.15;6.25
2025-06-17 00:00:00;6.5;2.81;6.19;6.5;10.3;13.43;9;10.15;6.25
2025-06-18 00:00:00;6.3;2.83;6.08;6.3;10.23;13.43;8.8;10;6.13
2025-06-18 00:00:00;6.3;2.83;6.08;6.3;10.23;13.43;8.8;10;6.13
2025-06-19 00:00:00;6.2;2.8;5.93;6.2;10.33;13.43;9;9.93;6.1
2025-06-19 00:00:00;6.2;2.8;5.93;6.2;10.33;13.43;9;9.93;6.1
2025-06-20 00:00:00;6.1;2.8;5.86;6.1;10.08;13.43;9;9.93;6
2025-06-20 00:00:00;6.1;2.8;5.86;6.1;10.08;13.43;9;9.93;6
2025-06-21 00:00:00;6.1;2.8;5.86;6.1;10.08;13.43;9;9.93;6
2025-06-21 00:00:00;6.1;2.8;5.86;6.1;10.08;13.43;9;9.93;6
2025-06-22 00:00:00;6.1;2.8;5.86;6.1;10.08;13.43;9;9.93;6
2025-06-22 00:00:00;6.1;2.8;5.86;6.1;10.08;13.43;9;9.93;6
2025-06-23 00:00:00;5.8;2.84;5.55;5.8;10.07;13.43;8.8;9.68;6
2025-06-23 00:00:00;5.8;2.84;5.55;5.8;10.07;13.43;8.8;9.68;6.12
2025-06-24 00:00:00;5.2;2.83;4.96;5.2;10.13;13.43;8.8;9.93;6.1
2025-06-24 00:00:00;5.2;2.83;4.96;5.2;10.13;13.43;8.8;9.93;6.1
2025-06-25 00:00:00;5.2;2.83;4.85;5.2;9.54;13.43;8.9;9.93;6.13
2025-06-25 00:00:00;5.2;2.83;4.85;5.2;9.54;13.43;8.9;9.93;6.13
2025-06-26 00:00:00;5.1;2.83;4.73;5.1;9.9;13.43;8.8;9.93;6.13
2025-06-26 00:00:00;5.1;2.83;4.73;5.1;9.9;13.43;8.8;9.93;6.13
2025-06-27 00:00:00;4.8;2.81;4.53;4.8;9.25;13.43;8.8;10.05;6.13
2025-06-27 00:00:00;4.8;2.81;4.53;4.8;9.25;13.43;8.8;10.05;6.13
2025-06-28 00:00:00;4.8;2.81;4.53;4.8;9.25;13.43;8.8;10.05;6.13
2025-06-29 00:00:00;4.8;2.81;4.53;4.8;9.25;13.43;8.8;10.05;6.13
2025-06-30 00:00:00;4.55;2.86;4.3;4.55;9.03;13.43;8.4;9.9;6.13
2025-07-01 00:00:00;4.45;2.88;4.1;4.45;9.03;13.43;8.4;9.97;5.98
2025-07-02 00:00:00;4.15;2.86;3.81;4.15;8.85;13.43;8.4;9.96;5.9
2025-07-03 00:00:00;3.85;2.86;3.65;3.85;8.85;13.43;8.4;10.18;5.9
2025-07-04 00:00:00;3.65;2.81;3.51;3.65;8.39;13.43;8.4;10.27;5.85
2025-07-05 00:00:00;3.65;2.81;3.51;3.65;8.39;13.43;8.4;10.27;5.85
2025-07-06 00:00:00;3.65;2.81;3.51;3.65;8.39;13.43;8.4;10.27;5.85
2025-07-07 00:00:00;3.65;2.8;3.49;3.65;8.35;13.43;8;10.17;5.85
2025-07-08 00:00:00;4.35;2.77;4.21;4.35;8.35;13.43;8;10.17;6
2025-07-09 00:00:00;4.35;2.79;4.21;4.35;8.71;13.43;8;10.17;6.05
2025-07-10 00:00:00;4.35;2.82;4.2;4.35;8.71;13.43;8;9.75;6.05
2025-07-11 00:00:00;4.35;2.82;4.21;4.35;8.71;13.43;8;9.65;6.05
2025-07-12 00:00:00;4.35;2.82;4.21;4.35;8.71;13.43;8;9.65;6.05
2025-07-13 00:00:00;4.35;2.82;4.21;4.35;8.71;13.43;8;9.65;6.05
2025-07-14 00:00:00;4.95;2.81;4.79;4.95;9.04;13.43;7.8;9.4;6.05
2025-07-15 00:00:00;4.95;2.81;4.73;4.95;9.04;13.43;7.8;9.23;6.13
2025-07-16 00:00:00;4.85;2.79;4.71;4.85;9.07;13.43;7.8;9.4;6.18
2025-07-17 00:00:00;4.75;2.78;4.57;4.75;9.07;13.43;7.8;9.17;6.45
2025-07-18 00:00:00;5.35;2.74;5.15;5.35;9.65;13.43;7.8;9.7;6.58
2025-07-19 00:00:00;5.35;2.74;5.15;5.35;9.65;13.43;7.8;9.7;6.58
2025-07-20 00:00:00;5.35;2.74;5.15;5.35;9.65;13.43;7.8;9.7;6.58
2025-07-21 00:00:00;5.85;2.72;5.66;5.85;9.99;13.43;7.8;9.23;6.58
2025-07-22 00:00:00;5.85;2.71;5.65;5.85;9.99;13.43;7.8;9.6;6.58
2025-07-23 00:00:00;5.85;2.71;5.65;5.85;9.99;13.43;7.8;9.6;6.58
2025-07-24 00:00:00;5.75;2.72;5.58;5.75;9.99;13.43;7.8;9.23;6.5
2025-07-25 00:00:00;5.7;2.73;5.54;5.7;9.9;13.43;7.8;9.17;6.38
2025-07-26 00:00:00;5.7;2.73;5.54;5.7;9.9;13.43;7.8;9.17;6.38
2025-07-27 00:00:00;5.7;2.73;5.54;5.7;9.9;13.43;7.8;9.17;6.38
2025-07-28 00:00:00;5.7;2.73;5.54;5.7;9.9;13.43;7.8;9.17;6.38
2025-07-29 00:00:00;5.7;2.73;5.54;5.7;9.9;13.43;7.8;9.17;6.38
2025-07-30 00:00:00;5.7;2.73;5.54;5.7;9.9;13.43;7.8;9.17;6.38
2025-07-31 00:00:00;6.2;2.77;5.95;6.2;9.9;13.43;7.8;9.25;6.18
2025-08-01 00:00:00;6.1;2.77;5.89;6.1;10.21;13.43;7.6;9.1;6.18
2025-08-02 00:00:00;6.1;2.77;5.89;6.1;10.21;13.43;7.6;9.1;6.18
2025-08-03 00:00:00;6.1;2.77;5.89;6.1;10.21;13.43;7.6;9.1;6.18
2025-08-04 00:00:00;5.8;2.75;5.59;5.8;10.21;13.43;7.6;9.1;6.18
2025-08-05 00:00:00;5.7;2.72;5.51;5.7;10.21;13.43;7.6;9.45;6.15
2025-08-06 00:00:00;5.6;2.74;5.4;5.6;9.79;13.43;7.6;9.1;6.15
2025-08-07 00:00:00;5.5;2.7;5.28;5.5;9.79;13.43;7.6;9.3;6.25
2025-08-08 00:00:00;5.4;2.74;5.19;5.4;9.73;13.43;7.6;9.3;6.25
2025-08-09 00:00:00;5.4;2.74;5.19;5.4;9.73;13.43;7.6;9.3;6.25
2025-08-10 00:00:00;5.4;2.74;5.19;5.4;9.73;13.43;7.6;9.3;6.25
2025-08-11 00:00:00;5.2;2.72;4.89;5.2;9.56;13.43;7.6;9.25;6.25
2025-08-12 00:00:00;5.1;2.79;4.79;5.1;9.56;13.43;7.6;9.25;6.25
2025-08-13 00:00:00;5;2.74;4.67;5;9.3;13.43;7.6;9.1;6.23
2025-08-14 00:00:00;4.9;2.73;4.57;4.9;9.3;13.43;7.6;9.45;6.18
2025-08-15 00:00:00;5.4;2.72;5.1;5.4;9.45;13.43;7.6;9.3;6.15
2025-08-16 00:00:00;5.4;2.72;5.1;5.4;9.45;13.43;7.6;9.3;6.15
2025-08-17 00:00:00;5.4;2.72;5.1;5.4;9.45;13.43;7.6;9.3;6.15
2025-08-18 00:00:00;5.2;2.77;4.9;5.2;9.32;13.43;7.6;9.25;6.15
2025-08-19 00:00:00;5.2;2.77;4.9;5.2;9.32;13.43;7.6;9.25;6.15
2025-08-20 00:00:00;4.9;2.76;4.61;4.9;9.18;13.43;7.6;9.3;5.98
2025-08-21 00:00:00;4.8;2.77;4.47;4.8;9.18;13.43;7.6;9.3;5.98
2025-08-22 00:00:00;4.55;2.79;4.23;4.55;8.92;13.43;7.1;9.3;5.8
2025-08-23 00:00:00;4.55;2.79;4.23;4.55;8.92;13.43;7.1;9.3;5.8
2025-08-24 00:00:00;4.55;2.79;4.23;4.55;8.92;13.43;7.1;9.3;5.8
2025-08-25 00:00:00;4.45;2.8;4.1;4.45;8.8;13.43;6.6;9.7;5.8
2025-08-26 00:00:00;4.25;2.85;3.99;4.25;8.8;13.43;6.6;9.6;5.75
2025-08-27 00:00:00;4.25;2.84;4.01;4.25;8.66;13.43;6.6;9.6;5.75
2025-08-28 00:00:00;4.2;2.8;4.01;4.2;8.66;13.43;6.6;9.95;5.75
2025-08-29 00:00:00;5.1;2.79;4.93;5.1;9.48;13.43;6.6;9.9;5.75
